"Time","value {application_name=""Oceanus"", dev_eui=""6d7e22c4b00f19c7"", device_name=""ICF_WLD05_001"", f_port=""2""}"
2026-06-30 00:43:58,1.52 m
2026-06-30 00:58:58,1.53 m
2026-06-30 01:13:58,1.53 m
2026-06-30 01:43:57,1.55 m
2026-06-30 01:58:58,1.57 m
2026-06-30 02:13:57,1.58 m
2026-06-30 02:28:57,1.59 m
2026-06-30 02:43:59,1.60 m
2026-06-30 02:58:57,1.61 m
2026-06-30 03:13:57,1.62 m
2026-06-30 03:28:57,1.64 m
2026-06-30 03:43:57,1.64 m
2026-06-30 03:58:58,1.65 m
2026-06-30 04:13:57,1.65 m
2026-06-30 04:28:58,1.66 m
2026-06-30 04:43:57,1.67 m
2026-06-30 04:58:57,1.49 m
2026-06-30 05:13:58,1.38 m
2026-06-30 05:28:58,1.40 m
2026-06-30 05:43:58,1.00 m
2026-06-30 05:58:57,793 mm
2026-06-30 06:13:56,810 mm
2026-06-30 06:28:59,802 mm
2026-06-30 06:43:57,830 mm
2026-06-30 07:13:57,848 mm
2026-06-30 07:28:59,864 mm
2026-06-30 07:43:58,863 mm
2026-06-30 07:58:57,877 mm
2026-06-30 08:13:58,873 mm
2026-06-30 08:28:57,882 mm
2026-06-30 08:43:58,4.50 m
2026-06-30 08:58:56,909 mm
2026-06-30 09:13:58,918 mm
2026-06-30 09:28:58,920 mm
2026-06-30 09:43:56,938 mm
2026-06-30 09:58:58,952 mm
2026-06-30 10:13:57,961 mm
2026-06-30 10:28:57,1.26 m
2026-06-30 10:43:57,1.57 m
2026-06-30 10:58:57,1.84 m
2026-06-30 11:13:56,4.50 m
2026-06-30 11:28:56,2.33 m
2026-06-30 11:43:57,2.34 m
2026-06-30 11:58:57,2.36 m
2026-06-30 12:13:59,2.73 m
2026-06-30 12:28:57,3.03 m
2026-06-30 12:43:57,3.32 m
2026-06-30 12:58:57,3.52 m
2026-06-30 13:13:56,3.52 m
2026-06-30 13:28:56,3.53 m
2026-06-30 13:43:57,3.53 m
2026-06-30 13:58:56,3.53 m
2026-06-30 14:13:56,3.53 m
2026-06-30 14:28:59,3.53 m
2026-06-30 14:43:56,3.53 m
2026-06-30 14:58:57,3.53 m
2026-06-30 15:13:56,3.53 m
2026-06-30 15:28:56,3.53 m
2026-06-30 15:43:57,3.53 m
2026-06-30 15:58:57,3.53 m
2026-06-30 16:13:57,3.23 m
2026-06-30 16:28:57,2.89 m
2026-06-30 16:43:56,2.42 m
2026-06-30 16:58:57,1.98 m
2026-06-30 17:13:58,1.63 m
2026-06-30 17:28:58,1.63 m
2026-06-30 17:43:57,1.63 m
2026-06-30 17:58:58,1.63 m
2026-06-30 18:13:58,1.63 m
2026-06-30 18:28:58,1.63 m
2026-06-30 18:43:56,1.63 m
2026-06-30 18:58:56,1.63 m
2026-06-30 19:13:57,1.64 m
2026-06-30 19:28:58,1.65 m
2026-06-30 19:43:57,1.65 m
2026-06-30 19:58:58,1.67 m
2026-06-30 20:13:56,1.67 m
2026-06-30 20:28:58,1.68 m
2026-06-30 20:43:57,1.69 m
2026-06-30 20:58:57,1.69 m
2026-06-30 21:13:57,1.70 m
2026-06-30 21:28:58,1.70 m
2026-06-30 21:43:57,1.71 m
2026-06-30 21:58:58,1.72 m
2026-06-30 22:13:56,1.73 m
2026-06-30 22:28:57,1.74 m
2026-06-30 22:43:56,1.75 m
2026-06-30 22:58:56,1.77 m
2026-06-30 23:13:56,1.77 m
2026-06-30 23:28:57,1.81 m
2026-06-30 23:43:56,1.81 m
2026-06-30 23:58:57,1.84 m
2026-07-01 00:13:58,1.85 m
2026-07-01 00:28:56,1.87 m
2026-07-01 00:43:56,1.90 m
2026-07-01 00:58:57,1.91 m
2026-07-01 01:13:56,1.92 m
2026-07-01 01:28:56,1.89 m
2026-07-01 01:43:57,1.94 m
2026-07-01 01:58:56,1.94 m
2026-07-01 02:13:56,1.96 m
2026-07-01 02:28:57,1.96 m
2026-07-01 02:43:57,1.94 m
2026-07-01 02:58:57,1.98 m
2026-07-01 03:13:56,2.00 m
2026-07-01 03:28:56,2.01 m
2026-07-01 03:43:56,2.02 m
2026-07-01 03:58:57,2.02 m
2026-07-01 04:13:57,2.03 m
2026-07-01 04:28:56,2.03 m
2026-07-01 04:43:56,2.04 m
2026-07-01 04:58:58,2.05 m
2026-07-01 05:13:57,1.73 m
2026-07-01 05:28:57,1.60 m
2026-07-01 05:43:57,1.12 m
2026-07-01 05:58:58,1.02 m
2026-07-01 06:13:57,1.03 m
2026-07-01 06:28:57,1.03 m
2026-07-01 06:43:56,1.03 m
2026-07-01 06:58:57,1.03 m
2026-07-01 07:13:56,1.03 m
2026-07-01 07:28:57,1.04 m
2026-07-01 07:43:57,1.04 m
2026-07-01 07:58:57,1.05 m
2026-07-01 08:13:56,1.07 m
2026-07-01 08:28:56,1.07 m
2026-07-01 08:43:59,1.08 m
2026-07-01 08:58:56,1.27 m
2026-07-01 09:13:56,1.59 m
2026-07-01 09:28:56,1.87 m
2026-07-01 09:43:56,2.15 m
2026-07-01 09:58:56,2.47 m
2026-07-01 10:13:56,2.77 m
2026-07-01 10:28:56,2.79 m
2026-07-01 10:43:56,2.79 m
2026-07-01 10:58:56,2.80 m
2026-07-01 11:13:57,2.88 m
2026-07-01 11:28:56,2.89 m
2026-07-01 11:43:57,2.91 m
2026-07-01 11:58:56,2.92 m
2026-07-01 12:13:56,2.91 m
2026-07-01 12:28:58,2.88 m
2026-07-01 12:43:56,2.84 m
2026-07-01 12:58:57,2.86 m
2026-07-01 13:13:56,2.87 m
2026-07-01 13:28:56,2.88 m
2026-07-01 13:43:57,2.88 m
2026-07-01 13:58:56,2.89 m
2026-07-01 14:13:58,2.95 m
2026-07-01 14:28:56,3.02 m
2026-07-01 14:43:55,3.03 m
2026-07-01 14:58:57,3.04 m
2026-07-01 15:13:57,3.06 m
2026-07-01 15:28:56,3.07 m
2026-07-01 15:43:57,3.03 m
2026-07-01 15:58:57,3.03 m
2026-07-01 16:13:56,2.70 m
2026-07-01 16:28:56,2.44 m
2026-07-01 16:43:56,2.05 m
2026-07-01 16:58:56,1.58 m
2026-07-01 17:13:57,1.19 m
2026-07-01 17:28:56,1.20 m
2026-07-01 17:43:56,1.20 m
2026-07-01 17:58:57,1.22 m
2026-07-01 18:13:56,1.23 m
2026-07-01 18:28:56,1.24 m
2026-07-01 18:43:56,1.25 m
2026-07-01 18:58:56,1.26 m
2026-07-01 19:13:56,1.28 m
2026-07-01 19:28:56,1.29 m
2026-07-01 19:43:56,1.31 m
2026-07-01 19:58:57,1.34 m
2026-07-01 20:13:57,1.34 m
2026-07-01 20:28:56,1.36 m
2026-07-01 20:58:57,1.37 m
2026-07-01 21:13:55,1.37 m
2026-07-01 21:28:57,1.38 m
2026-07-01 21:43:56,1.41 m
2026-07-01 21:58:56,1.42 m
2026-07-01 22:13:57,1.42 m
2026-07-01 22:28:56,1.44 m
2026-07-01 22:43:57,1.45 m
2026-07-01 22:58:58,1.43 m
2026-07-01 23:13:58,1.48 m
2026-07-01 23:28:58,1.49 m
2026-07-01 23:43:56,1.50 m
2026-07-01 23:58:57,1.50 m
2026-07-02 00:13:57,1.51 m
2026-07-02 00:28:57,1.52 m
2026-07-02 00:43:56,1.52 m
2026-07-02 00:58:57,1.53 m
2026-07-02 01:13:56,1.54 m
2026-07-02 01:28:58,1.55 m
2026-07-02 01:43:56,1.56 m
2026-07-02 01:58:58,1.56 m
2026-07-02 02:13:56,1.58 m
2026-07-02 02:28:56,1.59 m
2026-07-02 02:43:58,1.60 m
2026-07-02 02:58:56,1.61 m
2026-07-02 03:13:56,1.61 m
2026-07-02 03:28:56,1.61 m
2026-07-02 03:43:57,1.62 m
2026-07-02 03:58:57,1.63 m
2026-07-02 04:13:56,1.63 m
2026-07-02 04:28:57,1.64 m
2026-07-02 04:43:56,1.65 m
2026-07-02 04:58:55,1.59 m
2026-07-02 05:13:56,1.29 m
2026-07-02 05:28:56,1.27 m
2026-07-02 05:43:57,846 mm
2026-07-02 05:58:58,707 mm
2026-07-02 06:13:56,712 mm
2026-07-02 06:28:56,732 mm
2026-07-02 06:43:56,732 mm
2026-07-02 06:58:55,746 mm
2026-07-02 07:13:55,764 mm
2026-07-02 07:28:57,763 mm
2026-07-02 07:43:56,777 mm
2026-07-02 07:58:57,776 mm
2026-07-02 08:13:56,790 mm
2026-07-02 08:28:56,800 mm
2026-07-02 08:43:55,816 mm
2026-07-02 08:58:57,991 mm
2026-07-02 09:13:56,1.28 m
2026-07-02 09:28:56,1.57 m
2026-07-02 09:43:57,1.85 m
2026-07-02 09:58:57,1.93 m
2026-07-02 10:13:56,1.95 m
2026-07-02 10:28:55,4.50 m
2026-07-02 10:43:56,2.19 m
2026-07-02 10:58:57,2.48 m
2026-07-02 11:13:55,2.80 m
2026-07-02 11:28:55,3.07 m
2026-07-02 11:43:56,3.22 m
2026-07-02 11:58:57,3.22 m
2026-07-02 12:13:55,3.21 m
2026-07-02 12:28:57,3.21 m
2026-07-02 12:43:56,3.21 m
2026-07-02 12:58:56,3.21 m
2026-07-02 13:13:56,3.21 m
2026-07-02 13:28:56,3.21 m
2026-07-02 13:43:57,3.21 m
2026-07-02 13:58:56,3.22 m
2026-07-02 14:13:56,3.22 m
2026-07-02 14:28:56,3.22 m
2026-07-02 14:43:56,3.22 m
2026-07-02 14:58:58,3.22 m
2026-07-02 15:13:56,3.22 m
2026-07-02 15:28:56,3.22 m
2026-07-02 15:43:56,3.22 m
2026-07-02 15:58:56,2.97 m
2026-07-02 16:13:56,2.69 m
2026-07-02 16:28:56,2.32 m
2026-07-02 16:43:57,1.92 m
2026-07-02 16:58:56,1.44 m
2026-07-02 17:13:57,1.37 m
2026-07-02 17:28:56,1.39 m
2026-07-02 17:43:56,1.40 m
2026-07-02 17:58:55,1.41 m
2026-07-02 18:13:56,1.42 m
2026-07-02 18:28:55,1.44 m
2026-07-02 18:43:55,1.45 m
2026-07-02 18:58:57,1.46 m
2026-07-02 19:13:56,1.47 m
2026-07-02 19:28:55,1.49 m
2026-07-02 19:43:56,1.50 m
2026-07-02 19:58:55,1.51 m
2026-07-02 20:13:55,1.52 m
2026-07-02 20:28:55,1.53 m
2026-07-02 20:43:56,1.54 m
2026-07-02 20:58:58,1.54 m
2026-07-02 21:13:56,1.55 m
2026-07-02 21:28:56,1.56 m
2026-07-02 21:43:56,1.57 m
2026-07-02 21:58:56,1.58 m
2026-07-02 22:13:56,1.59 m
2026-07-02 22:28:57,1.59 m
2026-07-02 22:43:57,1.62 m
2026-07-02 22:58:56,1.63 m
2026-07-02 23:13:56,1.63 m
2026-07-02 23:28:57,1.64 m
2026-07-02 23:43:57,1.64 m
2026-07-02 23:58:56,1.65 m
2026-07-03 00:13:56,1.66 m
2026-07-03 00:28:56,1.67 m
2026-07-03 00:43:56,1.67 m
2026-07-03 00:58:56,1.69 m
2026-07-03 01:13:55,1.69 m
2026-07-03 01:28:57,1.70 m
2026-07-03 01:43:55,1.71 m
2026-07-03 01:58:57,1.73 m
2026-07-03 02:13:57,1.74 m
2026-07-03 02:28:55,1.75 m
2026-07-03 02:43:56,1.75 m
2026-07-03 02:58:55,1.76 m
2026-07-03 03:13:56,1.77 m
2026-07-03 03:28:56,1.78 m
2026-07-03 03:43:56,1.80 m
2026-07-03 03:58:58,1.80 m
2026-07-03 04:13:56,1.82 m
2026-07-03 04:28:55,1.85 m
2026-07-03 04:43:56,1.84 m
2026-07-03 04:58:55,1.91 m
2026-07-03 05:13:57,1.66 m
2026-07-03 05:28:55,1.41 m
2026-07-03 05:43:56,969 mm
2026-07-03 05:58:56,969 mm
2026-07-03 06:13:56,967 mm
2026-07-03 06:28:56,968 mm
2026-07-03 06:43:57,968 mm
2026-07-03 06:58:57,967 mm
2026-07-03 07:13:56,972 mm
2026-07-03 07:28:56,978 mm
2026-07-03 07:43:55,988 mm
2026-07-03 07:58:56,995 mm
2026-07-03 08:13:56,1.01 m
2026-07-03 08:28:55,1.02 m
2026-07-03 08:43:55,1.03 m
2026-07-03 08:58:57,1.04 m
2026-07-03 09:13:58,1.05 m
2026-07-03 09:28:56,1.05 m
2026-07-03 09:43:57,1.11 m
2026-07-03 09:58:56,1.25 m
2026-07-03 10:13:55,1.23 m
2026-07-03 10:28:55,1.23 m
2026-07-03 10:43:56,1.23 m
2026-07-03 10:58:55,1.23 m
2026-07-03 11:13:57,1.23 m
2026-07-03 11:28:56,1.23 m
2026-07-03 11:43:57,1.23 m
2026-07-03 11:58:56,1.23 m
2026-07-03 12:13:57,4.50 m
2026-07-03 12:28:55,1.78 m
2026-07-03 12:43:56,2.06 m
2026-07-03 12:58:56,2.34 m
2026-07-03 13:13:56,2.64 m
2026-07-03 13:28:56,2.92 m
2026-07-03 13:43:57,2.93 m
2026-07-03 13:58:56,3.04 m
2026-07-03 14:13:56,3.05 m
2026-07-03 14:28:55,3.00 m
2026-07-03 14:43:57,2.96 m
2026-07-03 14:58:56,3.03 m
2026-07-03 15:13:55,3.11 m
2026-07-03 15:28:56,3.13 m
2026-07-03 15:43:57,3.14 m
2026-07-03 15:58:57,2.89 m
2026-07-03 16:13:55,2.62 m
2026-07-03 16:28:56,2.11 m
2026-07-03 16:43:56,1.67 m
2026-07-03 16:58:55,1.29 m
2026-07-03 17:13:56,1.30 m
2026-07-03 17:28:56,1.31 m
2026-07-03 17:43:55,1.33 m
2026-07-03 17:58:56,1.35 m
2026-07-03 18:13:55,1.36 m
2026-07-03 18:28:55,1.37 m
2026-07-03 18:43:55,1.39 m
2026-07-03 18:58:55,1.42 m
2026-07-03 19:13:56,1.42 m
2026-07-03 19:28:55,1.43 m
2026-07-03 19:43:56,1.44 m
2026-07-03 19:58:56,1.44 m
2026-07-03 20:13:55,1.46 m
2026-07-03 20:28:55,1.47 m
2026-07-03 20:43:55,1.49 m
2026-07-03 20:58:55,1.49 m
2026-07-03 21:13:56,1.50 m
2026-07-03 21:28:55,1.51 m
2026-07-03 21:43:55,1.53 m
2026-07-03 21:58:56,1.53 m
2026-07-03 22:13:55,1.55 m
2026-07-03 22:28:57,1.56 m
2026-07-03 22:43:55,1.57 m
2026-07-03 22:58:56,1.57 m
2026-07-03 23:13:56,1.58 m
2026-07-03 23:28:56,1.59 m
2026-07-03 23:43:56,1.60 m
2026-07-03 23:58:56,1.61 m
2026-07-04 00:13:55,1.61 m
2026-07-04 00:28:56,1.62 m
2026-07-04 00:43:55,1.63 m
2026-07-04 00:58:56,1.64 m
2026-07-04 01:13:56,1.66 m
2026-07-04 01:28:55,1.67 m
2026-07-04 01:43:56,1.67 m
2026-07-04 01:58:56,1.68 m
2026-07-04 02:13:56,1.69 m
2026-07-04 02:28:57,1.69 m
2026-07-04 02:43:56,1.70 m
2026-07-04 02:58:55,1.70 m
2026-07-04 03:13:55,1.70 m
2026-07-04 03:28:55,1.70 m
2026-07-04 03:43:57,1.70 m
2026-07-04 03:58:55,1.70 m
2026-07-04 04:13:55,1.70 m
2026-07-04 04:28:56,1.70 m
2026-07-04 04:43:56,1.70 m
2026-07-04 04:58:55,1.50 m
2026-07-04 05:13:56,1.22 m
2026-07-04 05:28:55,858 mm
2026-07-04 05:43:56,854 mm
2026-07-04 05:58:58,867 mm
2026-07-04 06:13:58,877 mm
2026-07-04 06:28:56,883 mm
2026-07-04 06:43:55,886 mm
2026-07-04 06:58:55,895 mm
2026-07-04 07:13:55,909 mm
2026-07-04 07:28:55,924 mm
2026-07-04 07:43:56,926 mm
2026-07-04 07:58:56,940 mm
2026-07-04 08:28:57,1.23 m
2026-07-04 08:43:55,1.50 m
2026-07-04 08:58:57,1.80 m
2026-07-04 09:13:55,2.08 m
2026-07-04 09:28:56,2.32 m
2026-07-04 09:43:55,2.32 m
2026-07-04 09:58:55,2.32 m
2026-07-04 10:13:55,2.31 m
2026-07-04 10:28:56,2.42 m
2026-07-04 10:43:56,2.74 m
2026-07-04 10:58:57,2.99 m
2026-07-04 11:13:55,3.36 m
2026-07-04 11:28:55,3.63 m
2026-07-04 11:43:56,3.63 m
2026-07-04 11:58:55,3.63 m
2026-07-04 12:13:55,3.63 m
2026-07-04 12:28:56,3.63 m
2026-07-04 12:43:54,3.63 m
2026-07-04 12:58:56,3.63 m
2026-07-04 13:13:55,3.63 m
2026-07-04 13:28:56,3.63 m
2026-07-04 13:43:55,3.63 m
2026-07-04 13:58:55,3.63 m
2026-07-04 14:13:55,3.63 m
2026-07-04 14:28:56,3.63 m
2026-07-04 14:43:57,3.63 m
2026-07-04 14:58:57,3.63 m
2026-07-04 15:13:55,3.63 m
2026-07-04 15:28:56,3.63 m
2026-07-04 15:43:56,3.63 m
2026-07-04 15:58:57,3.43 m
2026-07-04 16:13:55,3.19 m
2026-07-04 16:28:54,2.62 m
2026-07-04 16:43:56,2.17 m
2026-07-04 16:58:55,2.11 m
2026-07-04 17:13:57,2.11 m
2026-07-04 17:28:56,2.11 m
2026-07-04 17:43:54,2.11 m
2026-07-04 17:58:57,2.11 m
2026-07-04 18:13:55,2.11 m
2026-07-04 18:28:56,2.11 m
2026-07-04 18:43:54,2.11 m
2026-07-04 18:58:55,2.11 m
2026-07-04 19:13:56,2.11 m
2026-07-04 19:28:56,2.11 m
2026-07-04 19:43:55,2.11 m
2026-07-04 19:58:55,2.11 m
2026-07-04 20:13:55,2.11 m
2026-07-04 20:28:56,2.11 m
2026-07-04 20:43:57,2.11 m
2026-07-04 20:58:55,2.11 m
2026-07-04 21:13:56,2.11 m
2026-07-04 21:28:54,2.11 m
2026-07-04 21:43:55,2.11 m
2026-07-04 21:58:56,2.11 m
2026-07-04 22:13:56,2.11 m
2026-07-04 22:28:54,2.11 m
2026-07-04 22:43:54,2.11 m
2026-07-04 22:58:55,2.11 m
2026-07-04 23:13:55,2.11 m
2026-07-04 23:28:56,2.11 m
2026-07-04 23:43:55,2.11 m
2026-07-04 23:58:55,2.11 m
2026-07-05 00:13:57,2.11 m
2026-07-05 00:28:57,2.11 m
2026-07-05 00:43:57,2.11 m
2026-07-05 00:58:54,2.11 m
2026-07-05 01:13:55,2.11 m
2026-07-05 01:28:56,2.11 m
2026-07-05 01:43:57,2.11 m
2026-07-05 01:58:55,2.11 m
2026-07-05 02:13:57,2.11 m
2026-07-05 02:28:55,2.11 m
2026-07-05 02:43:57,2.11 m
2026-07-05 02:58:56,2.11 m
2026-07-05 03:13:56,2.11 m
2026-07-05 03:28:54,2.12 m
2026-07-05 03:43:56,2.11 m
2026-07-05 03:58:55,2.11 m
2026-07-05 04:13:57,2.11 m
2026-07-05 04:28:55,2.11 m
2026-07-05 04:43:57,2.12 m
2026-07-05 04:58:55,2.12 m
2026-07-05 05:13:56,1.82 m
2026-07-05 05:28:55,1.59 m
2026-07-05 05:43:55,1.38 m
2026-07-05 05:58:56,1.39 m
2026-07-05 06:13:55,1.39 m
2026-07-05 06:28:56,1.39 m
2026-07-05 06:43:55,1.41 m
2026-07-05 06:58:56,1.43 m
2026-07-05 07:13:55,1.45 m
2026-07-05 07:28:55,1.45 m
2026-07-05 07:43:56,1.47 m
2026-07-05 07:58:56,1.49 m
2026-07-05 08:13:56,1.50 m
2026-07-05 08:28:55,1.51 m
2026-07-05 08:43:55,1.52 m
2026-07-05 08:58:55,1.52 m
2026-07-05 09:13:56,1.53 m
2026-07-05 09:28:55,1.55 m
2026-07-05 09:43:55,1.56 m
2026-07-05 09:58:55,1.71 m
2026-07-05 10:13:55,1.70 m
2026-07-05 10:28:56,1.70 m
2026-07-05 10:43:55,1.70 m
2026-07-05 10:58:55,1.70 m
2026-07-05 11:13:56,1.70 m
2026-07-05 11:28:55,1.70 m
2026-07-05 11:43:54,1.70 m
2026-07-05 11:58:55,1.72 m
2026-07-05 12:13:54,1.98 m
2026-07-05 12:28:55,2.30 m
2026-07-05 12:43:55,2.62 m
2026-07-05 12:58:55,2.88 m
2026-07-05 13:13:54,3.20 m
2026-07-05 13:28:55,3.21 m
2026-07-05 13:43:55,3.22 m
2026-07-05 13:58:55,3.23 m
2026-07-05 14:13:55,3.25 m
2026-07-05 14:28:55,3.26 m
2026-07-05 14:43:54,3.28 m
2026-07-05 14:58:55,3.28 m
2026-07-05 15:13:55,3.29 m
2026-07-05 15:28:56,3.30 m
2026-07-05 15:43:55,3.31 m
2026-07-05 15:58:54,3.25 m
2026-07-05 16:13:55,2.84 m
2026-07-05 16:28:54,2.60 m
2026-07-05 16:43:55,2.19 m
2026-07-05 16:58:55,1.74 m
2026-07-05 17:13:54,1.58 m
2026-07-05 17:28:55,1.59 m
2026-07-05 17:43:54,1.60 m
2026-07-05 17:58:54,1.61 m
2026-07-05 18:13:54,1.62 m
2026-07-05 18:28:55,1.62 m
2026-07-05 18:43:54,1.63 m
2026-07-05 18:58:55,1.64 m
2026-07-05 19:13:55,1.65 m
2026-07-05 19:28:54,1.66 m
2026-07-05 19:43:55,1.66 m
2026-07-05 19:58:56,1.68 m
2026-07-05 20:13:55,1.69 m
2026-07-05 20:28:54,1.69 m
2026-07-05 20:43:55,1.71 m
2026-07-05 20:58:55,1.73 m
2026-07-05 21:13:55,1.75 m
2026-07-05 21:28:55,1.75 m
2026-07-05 21:43:55,1.75 m
2026-07-05 21:58:55,1.76 m
2026-07-05 22:13:55,1.76 m
2026-07-05 22:28:55,1.77 m
2026-07-05 22:43:55,1.79 m
2026-07-05 22:58:54,1.81 m
2026-07-05 23:13:54,1.82 m
2026-07-05 23:28:54,1.88 m
2026-07-05 23:43:55,1.89 m
2026-07-05 23:58:54,1.90 m
2026-07-06 00:13:55,1.93 m
2026-07-06 00:28:55,1.93 m
2026-07-06 00:43:55,1.94 m
2026-07-06 00:58:54,1.96 m
2026-07-06 01:13:56,1.97 m
2026-07-06 01:28:57,1.97 m
2026-07-06 01:43:55,1.98 m
2026-07-06 01:58:55,1.99 m
2026-07-06 02:13:54,2.00 m
2026-07-06 02:28:56,2.01 m
2026-07-06 02:43:57,2.02 m
2026-07-06 02:58:54,2.03 m
2026-07-06 03:13:54,2.03 m
2026-07-06 03:28:54,2.05 m
2026-07-06 03:43:54,2.04 m
2026-07-06 03:58:54,2.06 m
2026-07-06 04:13:55,2.08 m
2026-07-06 04:28:55,2.07 m
2026-07-06 04:43:54,2.09 m
2026-07-06 04:58:55,2.00 m
2026-07-06 05:13:54,1.76 m
2026-07-06 05:28:55,1.46 m
2026-07-06 05:43:57,1.29 m
2026-07-06 05:58:55,1.29 m
2026-07-06 06:13:56,1.32 m
2026-07-06 06:28:55,1.33 m
2026-07-06 06:43:55,1.35 m
2026-07-06 06:58:55,1.36 m
2026-07-06 07:13:56,1.37 m
2026-07-06 07:28:56,1.38 m
2026-07-06 07:43:54,1.41 m
2026-07-06 07:58:54,1.41 m
2026-07-06 08:13:55,1.42 m
2026-07-06 08:28:55,1.43 m
2026-07-06 08:43:53,1.44 m
2026-07-06 08:58:56,1.45 m
2026-07-06 09:13:54,1.46 m
2026-07-06 09:28:56,1.47 m
2026-07-06 09:43:54,1.48 m
2026-07-06 09:58:57,1.49 m
2026-07-06 10:13:54,1.58 m
2026-07-06 10:28:55,1.88 m
2026-07-06 10:43:55,2.16 m
2026-07-06 10:58:55,2.43 m
2026-07-06 11:13:54,2.67 m
2026-07-06 11:28:55,2.63 m
2026-07-06 11:43:53,2.63 m
2026-07-06 11:58:54,2.63 m
2026-07-06 12:13:54,2.83 m
2026-07-06 12:28:54,3.24 m
2026-07-06 12:43:54,3.53 m
2026-07-06 12:58:54,3.82 m
2026-07-06 13:13:54,4.11 m
2026-07-06 13:28:54,3.89 m
2026-07-06 13:43:54,3.65 m
2026-07-06 13:58:55,3.65 m
2026-07-06 14:13:53,3.65 m
2026-07-06 14:28:54,3.65 m
2026-07-06 14:43:55,3.65 m
2026-07-06 14:58:54,3.65 m
2026-07-06 15:13:56,3.65 m
2026-07-06 15:28:55,3.65 m
2026-07-06 15:43:54,3.65 m
2026-07-06 15:58:55,3.65 m
2026-07-06 16:13:54,3.48 m
2026-07-06 16:28:55,2.88 m
2026-07-06 16:43:54,2.54 m
2026-07-06 16:58:55,2.24 m
2026-07-06 17:13:54,2.27 m
2026-07-06 17:28:56,2.24 m
2026-07-06 17:43:56,2.27 m
2026-07-06 17:58:56,2.26 m
2026-07-06 18:13:54,2.27 m
2026-07-06 18:28:54,2.27 m
2026-07-06 18:43:55,2.20 m
2026-07-06 18:58:55,2.27 m
2026-07-06 19:13:54,2.19 m
2026-07-06 19:28:54,4.50 m
2026-07-06 19:43:55,2.21 m
2026-07-06 19:58:56,2.19 m
2026-07-06 20:13:54,2.21 m
2026-07-06 20:28:53,2.24 m
2026-07-06 20:43:55,2.20 m
2026-07-06 20:58:54,2.25 m
2026-07-06 21:13:54,2.20 m
2026-07-06 21:28:55,2.27 m
2026-07-06 21:43:54,2.19 m
2026-07-06 21:58:55,2.19 m
2026-07-06 22:13:55,2.18 m
2026-07-06 22:28:55,2.19 m
2026-07-06 22:43:54,2.18 m
2026-07-06 22:58:55,2.18 m
2026-07-06 23:13:54,2.18 m
2026-07-06 23:28:54,2.18 m
2026-07-06 23:43:54,2.23 m
2026-07-06 23:58:55,2.19 m
2026-07-07 00:13:54,2.18 m
2026-07-07 00:28:55,2.21 m
2026-07-07 00:43:54,2.21 m
2026-07-07 00:58:54,2.18 m
2026-07-07 01:13:53,2.20 m
2026-07-07 01:28:55,2.23 m
2026-07-07 01:43:55,2.19 m
2026-07-07 01:58:55,2.18 m
2026-07-07 02:13:54,2.19 m
2026-07-07 02:28:55,2.18 m
2026-07-07 02:43:57,2.18 m
2026-07-07 02:58:55,2.18 m
2026-07-07 03:13:54,2.19 m
2026-07-07 03:28:54,2.18 m
2026-07-07 03:43:54,2.18 m
2026-07-07 03:58:54,2.18 m
2026-07-07 04:13:54,2.19 m
2026-07-07 04:28:55,2.27 m
2026-07-07 04:43:54,2.19 m
2026-07-07 04:58:55,2.26 m
2026-07-07 05:13:55,2.15 m
2026-07-07 05:28:55,1.95 m
2026-07-07 05:43:54,1.55 m
2026-07-07 05:58:54,1.27 m
2026-07-07 06:13:54,1.27 m
2026-07-07 06:28:56,1.29 m
2026-07-07 06:43:53,1.30 m
2026-07-07 06:58:54,1.31 m
2026-07-07 07:13:54,1.33 m
2026-07-07 07:28:54,1.34 m
2026-07-07 07:43:55,1.35 m
2026-07-07 07:58:54,1.36 m
2026-07-07 08:13:53,1.38 m
2026-07-07 08:43:54,1.41 m
2026-07-07 08:58:54,1.57 m
2026-07-07 09:13:54,1.58 m
2026-07-07 09:28:56,1.58 m
2026-07-07 09:43:54,1.58 m
2026-07-07 09:58:55,1.58 m
2026-07-07 10:13:54,1.58 m
2026-07-07 10:28:54,1.58 m
2026-07-07 10:43:54,1.58 m
2026-07-07 10:58:56,1.62 m
2026-07-07 11:13:54,1.91 m
2026-07-07 11:28:54,2.22 m
2026-07-07 11:58:54,4.50 m
2026-07-07 12:13:54,3.01 m
2026-07-07 12:28:53,3.10 m
2026-07-07 12:43:55,3.10 m
2026-07-07 12:58:54,3.10 m
2026-07-07 13:13:54,3.04 m
2026-07-07 13:28:54,3.12 m
2026-07-07 13:43:54,3.13 m
2026-07-07 13:58:54,3.14 m
2026-07-07 14:13:54,3.15 m
2026-07-07 14:28:56,3.15 m
2026-07-07 14:43:54,3.16 m
2026-07-07 14:58:55,3.17 m
2026-07-07 15:13:55,3.18 m
2026-07-07 15:28:54,3.19 m
2026-07-07 15:43:55,3.21 m
2026-07-07 15:58:55,3.05 m
2026-07-07 16:13:54,2.66 m
2026-07-07 16:28:54,2.53 m
2026-07-07 16:43:54,2.06 m
2026-07-07 16:58:55,1.61 m
2026-07-07 17:13:54,1.46 m
2026-07-07 17:28:54,1.47 m
2026-07-07 17:43:54,1.47 m
2026-07-07 17:58:55,1.48 m
2026-07-07 18:13:53,1.49 m
2026-07-07 18:28:54,1.50 m
2026-07-07 18:43:55,1.51 m
2026-07-07 18:58:55,1.52 m
2026-07-07 19:13:53,1.53 m
2026-07-07 19:28:54,1.53 m
2026-07-07 19:43:54,1.55 m
2026-07-07 19:58:55,1.56 m
2026-07-07 20:13:54,1.56 m
2026-07-07 20:28:53,1.58 m
2026-07-07 20:43:54,1.59 m
2026-07-07 20:58:54,1.59 m
2026-07-07 21:13:53,1.60 m
2026-07-07 21:28:54,1.61 m
2026-07-07 21:43:54,1.61 m
2026-07-07 21:58:53,1.62 m
2026-07-07 22:13:54,1.63 m
2026-07-07 22:28:54,1.64 m
2026-07-07 22:43:53,1.64 m
2026-07-07 22:58:54,1.65 m
2026-07-07 23:13:53,1.66 m
2026-07-07 23:28:55,1.67 m
2026-07-07 23:43:54,1.69 m
2026-07-07 23:58:54,1.70 m
2026-07-08 00:13:53,1.70 m
2026-07-08 00:28:54,1.70 m
2026-07-08 00:43:56,1.71 m
2026-07-08 00:58:54,1.71 m
2026-07-08 01:13:54,1.72 m
2026-07-08 01:28:54,1.73 m
2026-07-08 01:43:54,1.74 m
2026-07-08 01:58:53,1.75 m
2026-07-08 02:13:54,1.76 m
2026-07-08 02:28:54,1.77 m
2026-07-08 02:43:55,1.78 m
2026-07-08 03:13:54,1.85 m
2026-07-08 03:28:54,1.82 m
2026-07-08 03:43:55,1.83 m
2026-07-08 03:58:54,1.84 m
2026-07-08 04:13:53,1.88 m
2026-07-08 04:28:53,1.87 m
2026-07-08 04:43:53,4.50 m
2026-07-08 04:58:55,1.74 m
2026-07-08 05:13:53,1.55 m
2026-07-08 05:28:54,1.34 m
2026-07-08 05:43:54,1.03 m
2026-07-08 05:58:54,4.50 m
2026-07-08 06:13:56,1.06 m
2026-07-08 06:28:54,1.07 m
2026-07-08 06:43:54,1.08 m
2026-07-08 06:58:53,1.08 m
2026-07-08 07:13:53,1.09 m
2026-07-08 07:28:54,1.10 m
2026-07-08 07:43:55,1.10 m
2026-07-08 07:58:54,1.11 m
2026-07-08 08:13:53,1.11 m
2026-07-08 08:28:53,1.38 m
2026-07-08 08:43:54,1.68 m
2026-07-08 08:58:54,1.96 m
2026-07-08 09:13:55,2.24 m
2026-07-08 09:28:54,2.31 m
2026-07-08 09:43:54,2.31 m
2026-07-08 09:58:53,2.31 m
2026-07-08 10:13:55,2.31 m
2026-07-08 10:28:54,2.31 m
2026-07-08 10:43:54,2.31 m
2026-07-08 10:58:54,2.31 m
2026-07-08 11:13:55,2.30 m
2026-07-08 11:28:53,2.60 m
2026-07-08 11:43:53,2.87 m
2026-07-08 11:58:54,3.23 m
2026-07-08 12:13:54,3.46 m
2026-07-08 12:28:53,3.46 m
2026-07-08 12:43:54,3.46 m
2026-07-08 12:58:54,3.46 m
2026-07-08 13:13:53,3.46 m
2026-07-08 13:28:53,3.46 m
2026-07-08 13:43:53,3.46 m
2026-07-08 13:58:54,3.46 m
2026-07-08 14:13:53,3.46 m
2026-07-08 14:28:53,3.46 m
2026-07-08 14:43:53,3.46 m
2026-07-08 14:58:53,3.46 m
2026-07-08 15:13:54,3.46 m
2026-07-08 15:28:53,3.46 m
2026-07-08 15:43:53,3.46 m
2026-07-08 15:58:53,3.46 m
2026-07-08 16:13:54,3.15 m
2026-07-08 16:28:54,2.72 m
2026-07-08 16:43:54,2.32 m
2026-07-08 16:58:53,1.82 m
2026-07-08 17:13:55,1.57 m
2026-07-08 17:28:53,1.57 m
2026-07-08 17:43:54,1.57 m
2026-07-08 17:58:55,1.57 m
2026-07-08 18:13:53,1.57 m
2026-07-08 18:28:54,1.57 m
2026-07-08 18:43:54,1.57 m
2026-07-08 18:58:53,1.58 m
2026-07-08 19:13:55,1.59 m
2026-07-08 19:28:54,1.60 m
2026-07-08 19:43:53,1.61 m
2026-07-08 19:58:53,1.63 m
2026-07-08 20:13:54,1.64 m
2026-07-08 20:28:54,1.64 m
2026-07-08 20:43:54,1.64 m
2026-07-08 20:58:55,1.64 m
2026-07-08 21:28:54,1.64 m
2026-07-08 21:43:54,1.64 m
2026-07-08 21:58:53,1.64 m
2026-07-08 22:13:53,1.64 m
2026-07-08 22:28:55,1.64 m
2026-07-08 22:43:53,1.64 m
2026-07-08 22:58:53,1.64 m
2026-07-08 23:28:52,1.65 m
2026-07-08 23:43:53,1.65 m
2026-07-08 23:58:55,1.65 m
2026-07-09 00:28:53,1.65 m
2026-07-09 00:43:54,1.65 m
2026-07-09 00:58:53,1.65 m
2026-07-09 01:13:54,1.65 m
2026-07-09 01:28:52,1.65 m
2026-07-09 01:43:53,1.65 m
2026-07-09 01:58:54,1.65 m
2026-07-09 02:13:55,1.65 m
2026-07-09 02:28:54,1.65 m
2026-07-09 02:43:53,1.65 m
2026-07-09 02:58:53,1.65 m
2026-07-09 03:13:53,1.65 m
2026-07-09 03:28:54,1.66 m
2026-07-09 03:43:54,1.66 m
2026-07-09 03:58:54,1.66 m
2026-07-09 04:13:55,1.66 m
2026-07-09 04:28:54,1.66 m
2026-07-09 04:43:54,1.66 m
2026-07-09 04:58:53,1.66 m
2026-07-09 05:13:53,1.47 m
2026-07-09 05:28:53,1.09 m
2026-07-09 05:43:55,779 mm
2026-07-09 05:58:53,806 mm
2026-07-09 06:13:52,829 mm
2026-07-09 06:28:54,840 mm
2026-07-09 06:58:54,850 mm
2026-07-09 07:13:54,856 mm
2026-07-09 07:28:54,867 mm
2026-07-09 07:43:54,869 mm
2026-07-09 07:58:53,882 mm
2026-07-09 08:13:54,888 mm
2026-07-09 08:28:55,908 mm
2026-07-09 08:43:53,912 mm
2026-07-09 08:58:53,902 mm
2026-07-09 09:13:54,1.07 m
2026-07-09 09:28:53,1.06 m
2026-07-09 09:43:54,1.06 m
2026-07-09 09:58:53,1.06 m
2026-07-09 10:13:53,1.06 m
2026-07-09 10:28:53,1.06 m
2026-07-09 10:43:53,1.06 m
2026-07-09 10:58:54,1.08 m
2026-07-09 11:13:54,1.36 m
2026-07-09 11:28:53,1.64 m
2026-07-09 11:43:55,1.96 m
2026-07-09 11:58:55,2.23 m
2026-07-09 12:13:53,2.49 m
2026-07-09 12:28:53,2.77 m
2026-07-09 12:43:53,2.77 m
2026-07-09 12:58:54,2.78 m
2026-07-09 13:13:53,2.87 m
2026-07-09 13:28:53,2.82 m
2026-07-09 13:43:53,2.90 m
2026-07-09 13:58:53,2.81 m
2026-07-09 14:13:53,2.82 m
2026-07-09 14:28:54,2.83 m
2026-07-09 14:43:53,2.83 m
2026-07-09 14:58:52,2.83 m
2026-07-09 15:13:53,2.84 m
2026-07-09 15:28:53,2.86 m
2026-07-09 15:43:53,2.87 m
2026-07-09 15:58:53,2.66 m
2026-07-09 16:13:52,2.52 m
2026-07-09 16:28:52,2.05 m
2026-07-09 16:43:55,1.60 m
2026-07-09 16:58:53,1.23 m
2026-07-09 17:13:53,1.25 m
2026-07-09 17:28:53,1.26 m
2026-07-09 17:43:53,1.27 m
2026-07-09 17:58:53,1.28 m
2026-07-09 18:13:53,1.29 m
2026-07-09 18:28:54,1.31 m
2026-07-09 18:43:53,1.33 m
2026-07-09 18:58:53,1.33 m
2026-07-09 19:13:53,1.34 m
2026-07-09 19:28:54,1.37 m
2026-07-09 19:43:53,1.39 m
2026-07-09 19:58:54,1.39 m
2026-07-09 20:13:55,1.40 m
2026-07-09 20:28:55,1.41 m
2026-07-09 20:43:53,1.42 m
2026-07-09 20:58:54,1.43 m
2026-07-09 21:13:53,1.44 m
2026-07-09 21:28:53,1.46 m
2026-07-09 21:43:53,1.47 m
2026-07-09 21:58:53,1.49 m
2026-07-09 22:13:53,1.51 m
2026-07-09 22:28:53,1.54 m
2026-07-09 22:43:52,1.56 m
2026-07-09 22:58:52,1.60 m
2026-07-09 23:13:53,1.62 m
2026-07-09 23:28:53,1.65 m
2026-07-09 23:43:55,1.67 m
2026-07-09 23:58:54,1.72 m
2026-07-10 00:13:53,1.77 m
2026-07-10 00:28:52,1.84 m
2026-07-10 00:43:53,1.90 m
2026-07-10 00:58:54,1.97 m
2026-07-10 01:13:53,2.04 m
2026-07-10 01:28:52,2.08 m
2026-07-10 01:43:54,2.15 m
2026-07-10 01:58:54,2.25 m
2026-07-10 02:13:52,4.50 m
2026-07-10 02:28:53,2.39 m
2026-07-10 02:43:53,2.43 m
2026-07-10 02:58:53,2.46 m
2026-07-10 03:13:53,2.59 m
2026-07-10 03:28:53,2.60 m
2026-07-10 03:43:54,2.67 m
2026-07-10 03:58:54,2.74 m
2026-07-10 04:13:53,2.82 m
2026-07-10 04:28:53,2.90 m
2026-07-10 04:43:53,2.99 m
2026-07-10 04:58:55,2.84 m
2026-07-10 05:13:53,2.79 m
2026-07-10 05:28:52,2.50 m
2026-07-10 05:43:54,2.39 m
2026-07-10 05:58:54,2.46 m
2026-07-10 06:13:53,2.54 m
2026-07-10 06:28:53,2.63 m
2026-07-10 06:43:53,2.72 m
2026-07-10 06:58:52,2.83 m
2026-07-10 07:13:52,2.93 m
2026-07-10 07:28:52,2.98 m
2026-07-10 07:43:53,3.05 m
2026-07-10 07:58:54,3.14 m
2026-07-10 08:13:52,3.23 m
2026-07-10 08:28:55,3.31 m
2026-07-10 08:43:53,3.11 m
2026-07-10 08:58:53,3.15 m
2026-07-10 09:13:53,3.23 m
2026-07-10 09:28:53,3.28 m
2026-07-10 09:43:55,3.32 m
2026-07-10 09:58:55,3.34 m
2026-07-10 10:13:54,3.36 m
2026-07-10 10:28:54,3.38 m
2026-07-10 10:43:53,3.39 m
2026-07-10 10:58:54,3.40 m
2026-07-10 11:13:54,3.41 m
2026-07-10 11:28:53,3.43 m
2026-07-10 11:43:52,3.44 m
2026-07-10 11:58:52,3.46 m
2026-07-10 12:13:52,3.48 m
2026-07-10 12:28:53,3.49 m
2026-07-10 12:43:53,3.51 m
2026-07-10 12:58:54,3.52 m
2026-07-10 13:13:54,3.54 m
2026-07-10 13:28:53,3.55 m
2026-07-10 13:43:54,3.57 m
2026-07-10 13:58:53,3.58 m
2026-07-10 14:13:54,3.60 m
2026-07-10 14:28:54,3.62 m
2026-07-10 14:43:53,3.64 m
2026-07-10 14:58:52,3.66 m
2026-07-10 15:13:53,3.68 m
2026-07-10 15:28:53,3.70 m
2026-07-10 15:43:54,3.72 m
2026-07-10 15:58:53,3.75 m
2026-07-10 16:13:54,3.49 m
2026-07-10 16:28:54,3.22 m
2026-07-10 16:43:52,2.67 m
2026-07-10 16:58:52,4.50 m
2026-07-10 17:13:53,2.42 m
2026-07-10 17:28:55,2.43 m
2026-07-10 17:43:52,2.44 m
2026-07-10 17:58:53,2.44 m
2026-07-10 18:13:52,2.45 m
2026-07-10 18:28:53,2.45 m
2026-07-10 18:43:53,2.45 m
2026-07-10 18:58:53,2.46 m
2026-07-10 19:13:52,2.46 m
2026-07-10 19:28:52,2.46 m
2026-07-10 19:43:53,2.46 m
2026-07-10 19:58:53,2.46 m
2026-07-10 20:13:52,2.47 m
2026-07-10 20:28:54,2.47 m
2026-07-10 20:43:53,2.47 m
2026-07-10 20:58:54,2.47 m
2026-07-10 21:13:52,2.47 m
2026-07-10 21:28:53,2.47 m
2026-07-10 21:43:54,2.47 m
2026-07-10 21:58:55,2.47 m
2026-07-10 22:13:54,2.47 m
2026-07-10 22:28:53,2.47 m
2026-07-10 22:43:52,2.47 m
2026-07-10 22:58:53,2.47 m
2026-07-10 23:13:53,2.47 m
2026-07-10 23:28:53,2.47 m
2026-07-10 23:43:53,2.47 m
2026-07-10 23:58:53,2.47 m
2026-07-11 00:13:54,2.47 m
2026-07-11 00:28:53,2.47 m
2026-07-11 00:43:54,2.47 m
2026-07-11 00:58:54,2.47 m
2026-07-11 01:13:53,2.47 m
2026-07-11 01:28:53,2.47 m
2026-07-11 01:43:52,2.48 m
2026-07-11 01:58:52,2.48 m
2026-07-11 02:13:53,2.47 m
2026-07-11 02:28:53,2.47 m
2026-07-11 02:43:53,2.47 m
2026-07-11 02:58:54,2.48 m
2026-07-11 03:13:53,2.47 m
2026-07-11 03:28:52,2.47 m
2026-07-11 03:43:53,2.47 m
2026-07-11 03:58:53,2.48 m
2026-07-11 04:13:54,2.48 m
2026-07-11 04:28:53,2.47 m
2026-07-11 04:43:56,2.47 m
2026-07-11 04:58:53,2.48 m
2026-07-11 05:13:54,2.13 m
2026-07-11 05:28:53,2.10 m
2026-07-11 05:43:53,1.63 m
2026-07-11 05:58:52,1.64 m
2026-07-11 06:13:54,1.65 m
2026-07-11 06:28:53,1.68 m
2026-07-11 06:43:55,1.70 m
2026-07-11 06:58:53,1.73 m
2026-07-11 07:13:53,1.75 m
2026-07-11 07:28:55,1.75 m
2026-07-11 07:43:53,1.77 m
2026-07-11 07:58:53,1.78 m
2026-07-11 08:13:53,1.79 m
2026-07-11 08:28:53,1.80 m
2026-07-11 08:43:53,1.81 m
2026-07-11 08:58:53,1.83 m
2026-07-11 09:13:54,1.85 m
2026-07-11 09:28:54,1.88 m
2026-07-11 09:43:52,1.89 m
2026-07-11 09:58:52,1.93 m
2026-07-11 10:13:52,1.94 m
2026-07-11 10:28:53,1.95 m
2026-07-11 10:43:53,1.96 m
2026-07-11 10:58:53,1.97 m
2026-07-11 11:13:52,1.98 m
2026-07-11 11:28:53,1.99 m
2026-07-11 11:43:53,1.99 m
2026-07-11 11:58:53,1.99 m
2026-07-11 12:13:53,2.01 m
2026-07-11 12:28:53,2.03 m
2026-07-11 12:43:52,2.03 m
2026-07-11 12:58:53,2.05 m
2026-07-11 13:13:53,2.19 m
2026-07-11 13:28:52,2.50 m
2026-07-11 13:43:53,2.70 m
2026-07-11 13:58:53,2.61 m
2026-07-11 14:13:52,2.62 m
2026-07-11 14:28:52,2.64 m
2026-07-11 14:43:53,2.64 m
2026-07-11 14:58:53,2.65 m
2026-07-11 15:13:54,2.67 m
2026-07-11 15:28:53,2.68 m
2026-07-11 15:43:52,2.69 m
2026-07-11 15:58:53,4.50 m
2026-07-11 16:13:51,2.26 m
2026-07-11 16:28:52,1.81 m
2026-07-11 16:43:52,1.41 m
2026-07-11 16:58:53,1.16 m
2026-07-11 17:13:54,1.17 m
2026-07-11 17:28:52,1.18 m
2026-07-11 17:43:52,1.19 m
2026-07-11 17:58:52,1.20 m
2026-07-11 18:13:53,1.22 m
2026-07-11 18:28:51,1.25 m
2026-07-11 18:43:52,1.25 m
2026-07-11 18:58:53,1.25 m
2026-07-11 19:13:52,1.26 m
2026-07-11 19:28:53,1.28 m
2026-07-11 19:43:51,1.29 m
2026-07-11 19:58:53,1.30 m
2026-07-11 20:13:52,1.31 m
2026-07-11 20:28:52,1.33 m
2026-07-11 20:43:52,1.34 m
2026-07-11 20:58:52,1.36 m
2026-07-11 21:13:53,1.37 m
2026-07-11 21:28:53,1.38 m
2026-07-11 21:43:52,1.39 m
2026-07-11 21:58:53,1.43 m
2026-07-11 22:13:51,1.43 m
2026-07-11 22:28:52,1.44 m
2026-07-11 22:43:52,1.44 m
2026-07-11 22:58:52,1.45 m
2026-07-11 23:13:53,1.46 m
2026-07-11 23:28:52,1.46 m
2026-07-11 23:43:52,1.48 m
2026-07-11 23:58:53,1.49 m
2026-07-12 00:13:52,1.50 m
2026-07-12 00:28:53,1.51 m
2026-07-12 00:43:52,1.53 m
2026-07-12 00:58:52,1.52 m
2026-07-12 01:13:53,1.54 m
2026-07-12 01:28:52,1.56 m
2026-07-12 01:43:52,1.56 m
2026-07-12 01:58:53,1.56 m
2026-07-12 02:13:53,1.57 m
2026-07-12 02:28:52,1.55 m
2026-07-12 02:43:52,1.58 m
2026-07-12 02:58:53,1.59 m
2026-07-12 03:13:53,1.64 m
2026-07-12 03:28:53,1.68 m
2026-07-12 03:43:52,1.70 m
2026-07-12 03:58:52,1.73 m
2026-07-12 04:13:53,1.75 m
2026-07-12 04:28:52,1.80 m
2026-07-12 04:43:52,1.84 m
2026-07-12 04:58:53,1.72 m
2026-07-12 05:13:53,1.59 m
2026-07-12 05:28:54,1.39 m
2026-07-12 05:43:53,1.25 m
2026-07-12 05:58:53,1.30 m
2026-07-12 06:13:54,1.33 m
2026-07-12 06:28:52,1.39 m
2026-07-12 06:43:53,1.43 m
2026-07-12 06:58:51,1.47 m
2026-07-12 07:13:52,1.52 m
2026-07-12 07:28:54,1.56 m
2026-07-12 07:43:52,1.60 m
2026-07-12 07:58:53,1.66 m
2026-07-12 08:13:52,1.70 m
2026-07-12 08:28:53,1.75 m
2026-07-12 08:43:53,1.76 m
2026-07-12 08:58:51,1.82 m
2026-07-12 09:13:52,1.86 m
2026-07-12 09:28:53,1.89 m
2026-07-12 09:43:52,1.96 m
2026-07-12 09:58:52,2.00 m
2026-07-12 10:13:52,2.03 m
2026-07-12 10:28:54,2.09 m
2026-07-12 10:43:53,2.12 m
2026-07-12 10:58:54,2.19 m
2026-07-12 11:13:52,2.22 m
2026-07-12 11:28:51,2.26 m
2026-07-12 11:43:52,2.30 m
2026-07-12 11:58:53,2.61 m
2026-07-12 12:13:53,2.91 m
2026-07-12 12:28:52,3.27 m
2026-07-12 12:43:53,3.39 m
2026-07-12 12:58:52,3.40 m
2026-07-12 13:13:51,3.41 m
2026-07-12 13:28:52,3.42 m
2026-07-12 13:43:51,3.44 m
2026-07-12 13:58:52,3.45 m
2026-07-12 14:13:53,3.46 m
2026-07-12 14:28:52,3.48 m
2026-07-12 14:43:53,3.49 m
2026-07-12 14:58:52,3.50 m
2026-07-12 15:13:52,3.50 m
2026-07-12 15:28:51,3.51 m
2026-07-12 15:43:51,3.52 m
2026-07-12 15:58:52,3.52 m
2026-07-12 16:13:52,3.27 m
2026-07-12 16:28:51,2.84 m
2026-07-12 16:43:53,2.50 m
2026-07-12 16:58:52,2.04 m
2026-07-12 17:13:51,2.06 m
2026-07-12 17:28:51,2.06 m
2026-07-12 17:43:52,2.07 m
2026-07-12 17:58:53,2.06 m
2026-07-12 18:13:51,2.09 m
2026-07-12 18:28:52,2.09 m
2026-07-12 18:43:51,2.09 m
2026-07-12 18:58:51,2.09 m
2026-07-12 19:13:52,2.09 m
2026-07-12 19:28:53,2.10 m
2026-07-12 19:43:53,2.10 m
2026-07-12 19:58:51,2.10 m
2026-07-12 20:13:53,2.10 m
2026-07-12 20:28:53,2.10 m
2026-07-12 20:43:52,2.10 m
2026-07-12 20:58:53,2.10 m
2026-07-12 21:13:54,2.10 m
2026-07-12 21:28:52,2.10 m
2026-07-12 21:43:52,2.10 m
2026-07-12 21:58:52,2.10 m
2026-07-12 22:13:53,2.10 m
2026-07-12 22:28:51,2.10 m
2026-07-12 22:43:52,2.10 m
2026-07-12 22:58:51,2.10 m
2026-07-12 23:43:52,2.10 m
2026-07-12 23:58:53,2.10 m
2026-07-13 00:13:51,2.10 m
2026-07-13 00:28:51,2.10 m
2026-07-13 00:43:53,2.10 m
2026-07-13 00:58:52,2.10 m
2026-07-13 01:13:52,2.10 m
2026-07-13 01:28:51,2.10 m
2026-07-13 01:43:53,2.11 m
2026-07-13 01:58:52,2.13 m
2026-07-13 02:13:52,2.15 m
2026-07-13 02:28:52,2.15 m
2026-07-13 02:43:52,2.16 m
2026-07-13 02:58:52,2.20 m
2026-07-13 03:13:53,2.19 m
2026-07-13 03:28:51,2.22 m
2026-07-13 03:43:51,2.22 m
2026-07-13 03:58:51,2.24 m
2026-07-13 04:13:51,2.25 m
2026-07-13 04:28:51,2.30 m
2026-07-13 04:43:51,2.29 m
2026-07-13 04:58:53,2.34 m
2026-07-13 05:13:51,2.37 m
2026-07-13 05:28:51,2.17 m
2026-07-13 05:43:51,1.86 m
2026-07-13 05:58:52,1.53 m
2026-07-13 06:13:52,1.55 m
2026-07-13 06:28:51,1.56 m
2026-07-13 06:43:51,1.60 m
2026-07-13 06:58:52,1.61 m
2026-07-13 07:13:52,1.62 m
2026-07-13 07:28:53,1.65 m
2026-07-13 07:43:52,1.65 m
2026-07-13 07:58:52,1.66 m
2026-07-13 08:13:53,1.66 m
2026-07-13 08:28:51,1.67 m
2026-07-13 08:43:52,1.68 m
2026-07-13 08:58:51,1.68 m
2026-07-13 09:13:53,1.69 m
2026-07-13 09:28:51,1.70 m
2026-07-13 09:43:51,1.71 m
2026-07-13 09:58:51,1.72 m
2026-07-13 10:13:52,1.73 m
2026-07-13 10:28:51,1.74 m
2026-07-13 10:43:52,1.76 m
2026-07-13 11:13:51,1.77 m
2026-07-13 11:28:52,1.78 m
2026-07-13 11:43:51,1.78 m
2026-07-13 11:58:52,2.00 m
2026-07-13 12:13:51,2.28 m
2026-07-13 12:28:51,2.57 m
2026-07-13 12:43:51,2.86 m
2026-07-13 12:58:51,3.15 m
2026-07-13 13:13:51,3.18 m
2026-07-13 13:28:52,3.15 m
2026-07-13 13:43:51,3.11 m
2026-07-13 13:58:51,3.22 m
2026-07-13 14:13:54,3.27 m
2026-07-13 14:28:51,3.28 m
2026-07-13 14:43:52,3.29 m
2026-07-13 14:58:51,3.29 m
2026-07-13 15:13:51,3.30 m
2026-07-13 15:28:50,3.31 m
2026-07-13 15:43:51,3.31 m
2026-07-13 15:58:52,2.98 m
2026-07-13 16:13:52,2.77 m
2026-07-13 16:28:50,2.37 m
2026-07-13 16:43:51,1.96 m
2026-07-13 16:58:51,1.68 m
2026-07-13 17:13:51,1.68 m
2026-07-13 17:28:52,1.69 m
2026-07-13 17:43:51,1.69 m
2026-07-13 17:58:52,1.69 m
2026-07-13 18:13:52,1.69 m
2026-07-13 18:28:52,1.69 m
2026-07-13 18:43:52,1.69 m
2026-07-13 18:58:52,1.69 m
2026-07-13 19:13:51,1.69 m
2026-07-13 19:28:51,1.69 m
2026-07-13 19:43:52,1.69 m
2026-07-13 19:58:52,1.69 m
2026-07-13 20:13:53,1.69 m
2026-07-13 20:28:52,1.69 m
2026-07-13 20:43:52,1.69 m
2026-07-13 20:58:52,1.69 m
2026-07-13 21:13:51,1.69 m
2026-07-13 21:28:51,1.69 m
2026-07-13 21:43:52,1.69 m
2026-07-13 21:58:51,1.69 m
2026-07-13 22:13:51,1.69 m
2026-07-13 22:28:51,1.69 m
2026-07-13 22:43:51,1.69 m
2026-07-13 22:58:51,1.69 m
2026-07-13 23:13:52,1.69 m
2026-07-13 23:28:51,1.70 m
2026-07-13 23:43:54,1.70 m
2026-07-13 23:58:51,1.70 m
2026-07-14 00:13:51,1.70 m
2026-07-14 00:28:51,1.70 m
2026-07-14 00:43:52,1.70 m
2026-07-14 00:58:52,1.70 m
2026-07-14 01:13:51,1.70 m
2026-07-14 01:28:52,1.70 m
2026-07-14 01:43:52,1.70 m
2026-07-14 01:58:51,1.70 m
2026-07-14 02:13:51,1.70 m
2026-07-14 02:43:51,1.70 m
2026-07-14 02:58:51,1.72 m
2026-07-14 03:13:51,1.71 m
2026-07-14 03:28:51,1.75 m
2026-07-14 03:43:51,1.75 m
2026-07-14 03:58:51,1.77 m
2026-07-14 04:13:51,1.79 m
2026-07-14 04:28:52,1.81 m
2026-07-14 04:43:51,1.82 m
2026-07-14 04:58:51,1.63 m
2026-07-14 05:13:51,1.42 m
2026-07-14 05:28:50,1.00 m
2026-07-14 05:43:53,894 mm
2026-07-14 05:58:52,912 mm
2026-07-14 06:13:52,925 mm
2026-07-14 06:28:52,972 mm
2026-07-14 06:43:52,989 mm
2026-07-14 06:58:54,1.00 m
2026-07-14 07:13:51,1.01 m
2026-07-14 07:28:52,1.02 m
2026-07-14 07:43:52,1.03 m
2026-07-14 07:58:51,1.03 m
2026-07-14 08:13:51,1.04 m
2026-07-14 08:28:52,1.05 m
2026-07-14 08:43:52,1.30 m
2026-07-14 08:58:51,1.57 m
2026-07-14 09:13:51,1.88 m
2026-07-14 09:28:51,2.05 m
2026-07-14 09:43:51,2.07 m
2026-07-14 09:58:51,2.07 m
2026-07-14 10:13:51,2.07 m
2026-07-14 10:28:51,2.07 m
2026-07-14 10:43:51,2.07 m
2026-07-14 10:58:51,2.07 m
2026-07-14 11:13:51,2.07 m
2026-07-14 11:43:51,2.59 m
2026-07-14 11:58:51,2.87 m
2026-07-14 12:13:50,3.21 m
2026-07-14 12:28:51,3.33 m
2026-07-14 12:43:52,3.33 m