Time,errorcode,wl_raw,predicted_wl,anomaly_prob,is_anomaly
24-06-2026 16:59,0,2.54,2.4121,3.84344e-005,0
24-06-2026 17:14,0,2.94,2.7303,8.75574e-006,0
24-06-2026 17:28,0,2.94,2.92141,7.03281e-006,0
24-06-2026 17:43,0,2.94,2.93771,8.87506e-007,0
24-06-2026 17:58,0,2.94,2.93702,3.2199e-007,0
24-06-2026 18:13,0,2.94,2.92116,2.31932e-007,0
24-06-2026 18:28,0,2.94,2.90792,3.06397e-007,0
24-06-2026 18:43,0,2.94,2.96022,1.05295e-006,0
24-06-2026 18:59,0,2.93,2.94025,2.60758e-006,0
24-06-2026 19:14,0,2.92,2.95077,1.58567e-006,0
24-06-2026 19:28,0,2.91,2.93376,8.14229e-007,0
24-06-2026 19:43,0,2.91,2.92241,3.36976e-007,0
24-06-2026 19:59,0,2.9,2.93368,1.52848e-007,0
24-06-2026 20:13,0,2.88,2.92896,8.08726e-008,0
24-06-2026 20:28,0,2.87,2.89726,6.09163e-008,0
24-06-2026 20:43,0,2.86,2.89647,7.6159e-008,0
24-06-2026 20:58,0,2.86,2.88039,6.97869e-008,0
24-06-2026 21:13,0,2.85,2.84902,9.03994e-008,0
24-06-2026 21:28,0,2.84,2.83782,8.68005e-008,0
24-06-2026 21:44,0,2.84,2.8566,8.5793e-008,0
24-06-2026 21:59,0,2.83,2.8806,1.09219e-007,0
24-06-2026 22:13,0,2.82,2.86878,9.76364e-008,0
24-06-2026 22:28,0,2.81,2.839,5.96815e-008,0
24-06-2026 22:43,0,2.8,2.83302,5.74488e-008,0
24-06-2026 22:59,0,2.79,2.81951,6.05884e-008,0
24-06-2026 23:13,0,2.78,2.8201,9.41481e-008,0
24-06-2026 23:28,0,2.73,2.79819,3.21812e-007,0
24-06-2026 23:44,0,2.75,2.74199,6.40423e-007,0
24-06-2026 23:58,0,2.74,2.73707,1.62595e-006,0
25-06-2026 00:13,0,2.74,2.73289,3.55885e-006,0
25-06-2026 00:28,0,2.73,2.74539,2.91202e-006,0
25-06-2026 00:43,0,2.71,2.76367,2.7111e-006,0
25-06-2026 00:58,0,2.7,2.73391,2.56249e-006,0
25-06-2026 01:14,0,2.67,2.72577,2.7424e-006,0
25-06-2026 01:28,0,2.67,2.69714,2.11007e-006,0
25-06-2026 01:44,0,2.64,2.68407,1.98613e-006,0
25-06-2026 01:58,0,2.63,2.64791,1.50429e-006,0
25-06-2026 02:14,0,2.61,2.64432,1.80712e-006,0
25-06-2026 02:28,0,2.59,2.62973,2.911e-006,0
25-06-2026 02:43,0,2.59,2.61812,4.19147e-006,0
25-06-2026 02:58,0,2.59,2.61192,2.65659e-006,0
25-06-2026 03:13,0,2.55,2.62125,2.97308e-006,0
25-06-2026 03:28,0,2.54,2.59148,1.63928e-006,0
25-06-2026 03:44,0,2.53,2.54473,1.68829e-006,0
25-06-2026 03:58,0,2.53,2.5303,2.28841e-006,0
25-06-2026 04:13,0,2.51,2.53209,5.28865e-006,0
25-06-2026 04:28,0,2.51,2.49586,5.17485e-006,0
25-06-2026 04:43,0,2.51,2.51805,7.39461e-006,0
25-06-2026 04:58,0,2.48,2.64212,2.59579e-005,0
25-06-2026 05:13,0,2.75,2.76473,1.93383e-005,0
25-06-2026 05:28,0,2.87,3.13183,0.000107226,0
25-06-2026 05:43,0,3.33,3.16083,1.98842e-005,0
25-06-2026 05:58,0,3.48,3.42765,2.08333e-005,0
25-06-2026 06:13,0,3.47,3.49056,4.23514e-005,0
25-06-2026 06:28,0,3.47,3.43816,9.85897e-006,0
25-06-2026 06:44,0,3.47,3.47694,2.23718e-006,0
25-06-2026 06:58,0,3.46,3.46593,1.3565e-006,0
25-06-2026 07:14,0,3.46,3.45936,5.68405e-007,0
25-06-2026 07:29,0,3.45,3.46601,3.79575e-007,0
25-06-2026 07:43,0,3.44,3.49948,2.17217e-007,0
25-06-2026 07:58,0,3.43,3.47199,1.60167e-007,0
25-06-2026 08:14,0,3.42,3.45093,1.38574e-007,0
25-06-2026 08:29,0,3.41,3.41467,1.31205e-007,0
25-06-2026 08:43,0,3.4,3.37131,1.59066e-007,0
25-06-2026 08:59,0,3.39,3.39833,1.02855e-007,0
25-06-2026 09:13,0,3.38,3.38122,6.36264e-008,0
25-06-2026 09:29,0,3.35,3.36489,3.81762e-008,0
25-06-2026 09:43,0,3.34,3.33513,2.04019e-008,0
25-06-2026 09:58,0,3.34,3.332,1.98371e-008,0
25-06-2026 10:13,0,3.33,3.33636,4.25088e-008,0
25-06-2026 10:28,0,3.32,3.31853,4.59545e-008,0
25-06-2026 10:44,0,3.31,3.29897,6.3997e-008,0
25-06-2026 10:58,0,3.31,3.34861,1.25691e-007,0
25-06-2026 11:13,0,3.3,3.33433,2.27212e-007,0
25-06-2026 11:28,0,3.28,3.29474,3.87793e-007,0
25-06-2026 11:43,0,3.27,3.23919,4.14703e-007,0
25-06-2026 11:58,0,3.12,3.21093,1.19695e-006,0
25-06-2026 12:13,0,2.82,3.00181,2.85345e-006,0
25-06-2026 12:29,0,2.53,2.62877,2.81467e-006,0
25-06-2026 12:43,0,2.23,2.35892,6.66855e-006,0
25-06-2026 12:58,0,1.94,2.10207,3.05816e-005,0
25-06-2026 13:13,0,1.61,1.84628,0.000161019,0
25-06-2026 13:28,0,1.49,1.51563,0.000210086,0
25-06-2026 13:43,0,1.49,1.42288,0.000221861,0
25-06-2026 13:58,0,1.48,1.47779,0.000165817,0
25-06-2026 14:13,0,1.48,1.49864,0.000103074,0
25-06-2026 14:28,0,1.47,1.49829,4.97149e-005,0
25-06-2026 14:43,0,1.46,1.49197,2.37223e-005,0
25-06-2026 14:58,0,1.44,1.45404,1.47292e-005,0
25-06-2026 15:13,0,1.43,1.43211,1.18841e-005,0
25-06-2026 15:28,0,1.42,1.38789,9.4043e-006,0
25-06-2026 15:43,0,1.41,1.42566,1.33863e-005,0
25-06-2026 15:58,0,1.57,1.54339,1.94833e-005,0
25-06-2026 16:13,0,1.92,1.80565,3.61458e-005,0
25-06-2026 16:28,0,2.05,2.27781,0.000341716,0
25-06-2026 16:43,0,2.49,2.36188,3.96941e-005,0
25-06-2026 16:58,0,2.95,2.69481,3.30091e-006,0
25-06-2026 17:13,0,3.16,3.00864,2.09867e-006,0
25-06-2026 17:28,0,3.15,3.09905,1.31185e-006,0
25-06-2026 17:43,0,3.14,3.10497,4.8937e-007,0
25-06-2026 17:58,0,3.13,3.04866,2.12637e-007,0
25-06-2026 18:13,0,3.12,3.0894,1.78337e-007,0
25-06-2026 18:28,0,3.11,3.09338,2.27924e-007,0
25-06-2026 18:43,0,3.09,3.11173,4.52029e-007,0
25-06-2026 18:58,0,3.08,3.08757,4.8101e-007,0
25-06-2026 19:13,0,3.07,3.08977,3.06095e-007,0
25-06-2026 19:29,0,3.06,3.06617,1.32935e-007,0
25-06-2026 19:43,0,3.06,3.07292,5.71931e-008,0
25-06-2026 19:58,0,3.03,3.08517,3.20676e-008,0
25-06-2026 20:14,0,3.02,3.05567,1.41455e-008,0
25-06-2026 20:28,0,3.01,3.02619,1.03271e-008,0
25-06-2026 20:43,0,3.01,3.01807,1.29186e-008,0
25-06-2026 20:59,0,3,3.00753,1.81221e-008,0
25-06-2026 21:13,0,2.99,2.98793,3.01569e-008,0
25-06-2026 21:28,0,2.98,2.99094,4.23406e-008,0
25-06-2026 21:43,0,2.98,3.01383,4.27651e-008,0
25-06-2026 21:58,0,2.96,3.02372,5.07522e-008,0
25-06-2026 22:14,0,2.95,3.00395,5.40289e-008,0
25-06-2026 22:28,0,2.94,2.97652,3.63725e-008,0
25-06-2026 22:43,0,2.93,2.95799,2.59761e-008,0
25-06-2026 22:59,0,2.94,2.96149,2.37733e-008,0
25-06-2026 23:13,0,2.91,2.95008,3.87944e-008,0
25-06-2026 23:28,0,2.9,2.90648,7.65715e-008,0
25-06-2026 23:43,0,2.89,2.88609,1.70733e-007,0
25-06-2026 23:58,0,2.89,2.85912,2.51481e-007,0
26-06-2026 00:14,0,2.88,2.86339,5.69834e-007,0
26-06-2026 00:28,0,2.88,2.87477,7.55932e-007,0
26-06-2026 00:43,0,2.87,2.90625,8.96486e-007,0
26-06-2026 00:59,0,2.86,2.89463,8.31933e-007,0
26-06-2026 01:13,0,2.85,2.88296,7.90605e-007,0
26-06-2026 01:28,0,2.84,2.88532,8.59845e-007,0
26-06-2026 01:44,0,2.83,2.86969,4.36558e-007,0
26-06-2026 01:58,0,2.83,2.858,2.5457e-007,0
26-06-2026 02:13,0,2.82,2.85492,2.66693e-007,0
26-06-2026 02:28,0,2.79,2.82479,4.92995e-007,0
26-06-2026 02:43,0,2.79,2.79581,9.97427e-007,0
26-06-2026 02:58,0,2.78,2.82896,1.37712e-006,0
26-06-2026 03:14,0,2.78,2.84498,1.09292e-006,0
26-06-2026 03:28,0,2.77,2.84512,9.68471e-007,0
26-06-2026 03:43,0,2.77,2.78955,7.89004e-007,0
26-06-2026 03:58,0,2.76,2.76816,1.19926e-006,0
26-06-2026 04:13,0,2.74,2.76224,1.70261e-006,0
26-06-2026 04:28,0,2.74,2.73238,1.50307e-006,0
26-06-2026 04:43,0,2.73,2.78011,2.33022e-006,0
26-06-2026 04:58,0,2.89,2.84395,2.0506e-006,0
26-06-2026 05:28,0,3.47,3.20831,8.36383e-007,0
26-06-2026 05:44,0,3.725,3.62857,1.84093e-006,0
26-06-2026 05:58,0,3.707,3.77971,6.97379e-006,0
26-06-2026 06:14,0,3.69,3.66583,2.39231e-006,0
26-06-2026 06:28,0,3.692,3.64754,7.88886e-007,0
26-06-2026 06:43,0,3.677,3.6898,4.5026e-007,0
26-06-2026 06:58,0,3.67,3.66547,2.38214e-007,0
26-06-2026 07:28,0,0,3.66158,1,1
26-06-2026 07:44,0,3.653,3.69276,3.79654e-008,0
26-06-2026 08:13,0,3.639,3.65987,1.45386e-008,0
26-06-2026 08:28,0,3.623,3.62452,1.30637e-008,0
26-06-2026 08:43,0,3.536,3.56074,2.41366e-008,0
26-06-2026 08:58,0,3.25,3.46125,1.933e-007,0
26-06-2026 09:14,0,2.96,3.1272,3.01162e-007,0
26-06-2026 09:28,0,2.65,2.80337,6.06062e-007,0
26-06-2026 09:58,0,2.41,2.49486,8.7083e-007,0
26-06-2026 10:13,0,2.41,2.28224,3.17602e-007,0
26-06-2026 10:28,0,2.41,2.35154,3.10317e-007,0
26-06-2026 10:43,0,2.41,2.3913,4.8207e-007,0
26-06-2026 10:58,0,2.28,2.4303,2.32841e-006,0
26-06-2026 11:13,0,1.98,2.28909,2.09062e-005,0
26-06-2026 11:28,0,1.74,1.84144,2.25015e-005,0
26-06-2026 11:43,0,1.43,1.56876,7.04836e-005,0
26-06-2026 11:58,0,0,1.27963,0.99964,1
26-06-2026 12:13,0,1.42,1.23693,6.56155e-006,0
26-06-2026 12:28,0,0,1.43808,0.998599,1
26-06-2026 12:44,0,1.38,1.46087,0.000189011,0
26-06-2026 12:58,0,1.38,1.37285,0.000441709,0
26-06-2026 13:13,0,1.37,1.38206,0.00102902,0
26-06-2026 13:28,0,1.37,1.38847,0.000582241,0
26-06-2026 13:44,0,1.37,1.38992,0.000165583,0
26-06-2026 13:58,0,1.36,1.35661,8.58198e-005,0
26-06-2026 14:13,0,1.35,1.3403,5.18575e-005,0
26-06-2026 14:28,0,1.35,1.32813,2.82885e-005,0
26-06-2026 14:43,0,1.34,1.34302,1.14953e-005,0
26-06-2026 14:58,0,1.33,1.35227,8.32432e-006,0
26-06-2026 15:13,0,1.32,1.31278,7.42602e-006,0
26-06-2026 15:28,0,0,1.27202,0.995766,1
26-06-2026 15:43,0,1.15,1.26309,6.43812e-005,0
26-06-2026 15:58,0,1.17,1.25054,0.000159574,0
26-06-2026 16:14,0,0,1.37521,0.99904,1
26-06-2026 16:29,0,0,1.65841,0.999841,1
26-06-2026 16:44,0,0,1.98702,0.999954,1
26-06-2026 17:14,0,0,2.14034,0.999958,1
26-06-2026 17:29,0,0,2.14234,0.999974,1
26-06-2026 17:44,0,0,2.09495,0.999951,1
26-06-2026 17:59,0,0,2.07533,0.99979,1
26-06-2026 18:14,0,0,2.06142,0.999785,1
26-06-2026 18:29,0,0,2.0437,0.99988,1
26-06-2026 18:44,0,0,2.05655,0.999935,1
26-06-2026 18:59,0,0,2.07423,0.999974,1
26-06-2026 19:14,0,0,2.08631,0.999979,1
26-06-2026 19:29,0,0,2.1044,0.999974,1
26-06-2026 19:44,0,0,2.12801,0.999963,1
26-06-2026 19:59,0,0,2.15188,0.999952,1
26-06-2026 20:14,0,0,2.1618,0.999931,1
26-06-2026 20:29,0,0,2.1573,0.999959,1
26-06-2026 20:44,0,0,2.1636,0.999987,1
26-06-2026 20:59,0,0,2.17293,0.999997,1
26-06-2026 21:14,0,0,2.16317,0.999999,1
26-06-2026 21:29,0,0,2.14892,1,1
26-06-2026 21:44,0,0,2.14378,1,1
26-06-2026 21:59,0,0,2.18188,0.999999,1
26-06-2026 22:14,0,0,2.2038,0.999998,1
26-06-2026 22:29,1,0,2.2003,0.999999,1
26-06-2026 22:44,1,0,2.16695,0.999998,1
26-06-2026 22:59,1,0,2.15231,0.999998,1
26-06-2026 23:14,1,0,2.13443,0.999998,1
26-06-2026 23:29,1,0,2.11687,0.999999,1
26-06-2026 23:59,1,0,2.06878,1,1
27-06-2026 00:14,1,0,2.04448,1,1
27-06-2026 00:29,1,0,2.03191,1,1
27-06-2026 00:44,1,0,2.02122,1,1
27-06-2026 01:14,1,0,2.02519,1,1
27-06-2026 01:29,1,0,2.01913,0.999999,1
27-06-2026 01:44,1,0,2.00505,0.999998,1
27-06-2026 02:14,1,0,2.01235,0.999997,1
27-06-2026 02:29,1,0,2.01124,0.999999,1
27-06-2026 02:44,1,0,2.0013,1,1
27-06-2026 02:59,1,0,2.00477,1,1
27-06-2026 03:14,1,0,2.00586,1,1
27-06-2026 03:29,1,0,1.9965,1,1
27-06-2026 03:44,1,0,1.99982,1,1
27-06-2026 03:59,1,0,2.00684,0.999999,1
27-06-2026 04:14,1,0,2.01036,0.999998,1
27-06-2026 04:29,1,0,2.02744,0.999997,1
27-06-2026 04:44,1,0,2.06813,0.999997,1
27-06-2026 04:59,1,0,2.22726,0.999998,1
27-06-2026 05:14,1,0,2.56334,1,1
27-06-2026 05:29,1,0,2.89077,1,1
27-06-2026 05:44,1,0,3.04462,1,1
27-06-2026 05:59,1,0,3.03129,1,1
27-06-2026 06:14,1,0,2.95684,1,1
27-06-2026 06:29,1,0,2.90386,1,1
27-06-2026 06:44,1,0,2.88693,1,1
27-06-2026 06:59,1,0,2.86702,1,1
27-06-2026 07:14,1,0,2.86935,1,1
27-06-2026 07:29,1,0,2.90023,1,1
27-06-2026 07:44,1,0,2.92155,1,1
27-06-2026 07:59,1,0,2.93126,1,1
27-06-2026 08:14,1,0,2.92429,1,1
27-06-2026 08:28,1,0,2.9047,1,1
27-06-2026 08:43,1,0,2.8287,1,1
27-06-2026 08:58,1,0,2.74324,1,1
27-06-2026 09:13,1,0,2.6516,1,1
27-06-2026 09:28,1,0,2.59711,1,1
27-06-2026 09:43,1,0,2.55931,1,1
27-06-2026 09:58,1,0,2.53756,1,1
27-06-2026 10:13,1,0,2.50361,1,1
27-06-2026 10:28,1,0,2.43398,1,1
27-06-2026 10:43,1,0,2.31964,1,1
27-06-2026 10:58,1,0,2.16208,1,1
27-06-2026 11:13,1,0,2.03367,0.999999,1
27-06-2026 11:28,1,0,1.92854,0.999999,1
27-06-2026 11:43,1,0,1.81353,0.999998,1
27-06-2026 11:58,1,0,1.69824,0.999998,1
27-06-2026 12:13,1,0,1.60856,0.999996,1
27-06-2026 12:28,1,0,1.52785,0.999991,1
27-06-2026 12:43,1,0,1.45816,0.999986,1
27-06-2026 12:58,1,0,1.41253,0.99998,1
27-06-2026 13:13,1,0,1.42185,0.999967,1
27-06-2026 13:28,1,0,1.44016,0.999969,1
27-06-2026 13:43,1,0,1.43872,0.999964,1
27-06-2026 13:58,1,0,1.45743,0.999947,1
27-06-2026 14:13,1,0,1.47066,0.999936,1
27-06-2026 14:28,1,0,1.48891,0.999944,1
27-06-2026 14:43,1,0,1.48615,0.999937,1
27-06-2026 14:58,1,0,1.47794,0.999907,1
27-06-2026 15:13,1,0,1.46187,0.999898,1
27-06-2026 15:28,1,0,1.44323,0.999915,1
27-06-2026 15:43,1,0,1.46293,0.999946,1
27-06-2026 15:58,1,0,1.6089,0.999985,1
27-06-2026 16:13,1,0,1.88322,0.999996,1
27-06-2026 16:28,1,0,2.28622,0.999999,1
27-06-2026 16:43,1,0,2.72962,0.999999,1
27-06-2026 16:58,1,0,3.0325,1,1
27-06-2026 17:13,1,0,3.02211,1,1
27-06-2026 17:28,1,0,2.97099,1,1
27-06-2026 17:43,1,0,2.95775,0.999999,1
27-06-2026 17:58,1,0,2.96353,0.999999,1
27-06-2026 18:13,1,0,2.90558,1,1
27-06-2026 18:28,1,0,2.85326,1,1
27-06-2026 18:43,1,0,2.82856,1,1
27-06-2026 18:58,1,0,2.83032,1,1
27-06-2026 19:13,1,0,2.83782,1,1
27-06-2026 19:28,1,0,2.84332,1,1
27-06-2026 19:43,1,0,2.8494,1,1
27-06-2026 19:58,1,0,2.85331,1,1
27-06-2026 20:13,1,0,2.85232,1,1
27-06-2026 20:28,1,0,2.83685,1,1
27-06-2026 20:43,1,0,2.7915,1,1
27-06-2026 20:58,1,0,2.74222,1,1
27-06-2026 21:13,1,0,2.68411,1,1
27-06-2026 21:28,1,0,2.64303,1,1
27-06-2026 21:43,1,0,2.6285,1,1
27-06-2026 21:58,1,0,2.645,1,1
27-06-2026 22:13,1,0,2.64926,1,1
27-06-2026 22:28,1,0,2.64107,1,1
27-06-2026 22:43,1,0,2.61974,1,1
27-06-2026 22:58,1,0,2.62074,1,1
27-06-2026 23:13,1,0,2.6136,1,1
27-06-2026 23:28,0,2.84,2.60307,1.92776e-008,0
27-06-2026 23:43,0,2.84,2.78458,4.95319e-008,0
27-06-2026 23:58,0,2.83,2.78563,1.00636e-007,0
28-06-2026 00:13,0,2.83,2.80812,1.59772e-007,0
28-06-2026 00:28,0,2.82,2.81757,3.90428e-007,0
28-06-2026 00:43,0,2.81,2.81346,6.58832e-007,0
28-06-2026 00:58,0,2.81,2.81417,9.68677e-007,0
28-06-2026 01:13,0,2.8,2.80872,1.41843e-006,0
28-06-2026 01:28,0,2.79,2.80601,1.02156e-006,0
28-06-2026 01:43,0,2.79,2.78708,4.07579e-007,0
28-06-2026 01:59,0,2.79,2.77374,1.0561e-007,0
28-06-2026 02:13,0,2.78,2.76694,4.62895e-008,0
28-06-2026 02:28,0,2.77,2.76702,4.56022e-008,0
28-06-2026 02:43,0,2.77,2.75831,8.85382e-008,0
28-06-2026 02:58,0,2.76,2.76773,1.80285e-007,0
28-06-2026 03:13,0,2.75,2.75701,2.86883e-007,0
28-06-2026 03:28,0,2.74,2.75778,5.29496e-007,0
28-06-2026 03:43,0,2.73,2.73987,1.17874e-006,0
28-06-2026 03:58,0,2.71,2.74045,3.1955e-006,0
28-06-2026 04:13,0,2.69,2.71214,3.09488e-006,0
28-06-2026 04:28,0,2.65,2.65929,3.01529e-006,0
28-06-2026 04:43,0,2.67,2.60923,2.21848e-006,0
28-06-2026 04:58,0,2.83,2.6852,1.34098e-006,0
28-06-2026 05:13,0,2.97,3.02041,1.43218e-006,0
28-06-2026 05:28,0,3.18,3.28163,1.4e-006,0
28-06-2026 05:43,0,3.543,3.37837,3.85653e-007,0
28-06-2026 05:58,0,3.53,3.59793,1.80364e-006,0
28-06-2026 06:13,0,3.512,3.44822,1.84912e-006,0
28-06-2026 06:28,0,3.49,3.43507,1.09954e-006,0
28-06-2026 06:43,0,3.47,3.46926,1.42669e-006,0
28-06-2026 06:58,0,3.44,3.45192,1.44687e-006,0
28-06-2026 07:13,0,3.42,3.42511,1.24381e-006,0
28-06-2026 07:28,0,3.39,3.38635,6.2253e-007,0
28-06-2026 07:43,0,3.35,3.36444,2.01993e-007,0
28-06-2026 08:28,0,3.19,3.26775,2.66647e-008,0
28-06-2026 08:43,0,2.85,3.08519,1.79884e-007,0
28-06-2026 08:58,0,2.53,2.65737,1.07546e-006,0
28-06-2026 09:13,0,2.19,2.2669,6.65988e-006,0
28-06-2026 09:28,0,1.86,1.9574,3.3493e-005,0
28-06-2026 09:43,0,1.78,1.65336,1.05761e-005,0
28-06-2026 09:58,0,1.71,1.74943,1.23871e-005,0
28-06-2026 10:13,0,1.7,1.83147,1.26642e-005,0
28-06-2026 10:28,0,1.71,1.80621,6.85074e-006,0
28-06-2026 10:43,0,1.61,1.73867,1.43909e-005,0
28-06-2026 10:58,0,1.6,1.47805,1.57433e-005,0
28-06-2026 11:13,0,1.52,1.44421,4.33505e-005,0
28-06-2026 11:28,0,1.53,1.43689,7.05719e-005,0
28-06-2026 11:43,0,1.49,1.41347,0.000106596,0
28-06-2026 11:58,0,1.38,1.40622,0.000399545,0
28-06-2026 12:13,0,0,1.27477,0.999985,1
28-06-2026 12:28,0,1.28,1.1743,0.000205175,0
28-06-2026 12:58,0,1.19,1.28544,0.00164941,0
28-06-2026 13:13,0,1.16,1.19147,0.00433763,0
28-06-2026 13:28,0,1.13,1.12741,0.00424756,0
28-06-2026 13:43,0,1.11,1.06437,0.00271689,0
28-06-2026 13:58,0,1.09,1.06132,0.00108631,0
28-06-2026 14:13,0,1.08,1.09384,0.000288121,0
28-06-2026 14:28,0,1.06,1.07971,0.000178332,0
28-06-2026 14:43,0,1.04,1.03388,8.51345e-005,0
28-06-2026 14:58,0,1.03,1.00788,5.88437e-005,0
28-06-2026 15:13,0,1.02,1.00489,5.66329e-005,0
28-06-2026 15:28,0,1.02,0.973483,0.000103534,0
28-06-2026 15:43,0,1.01,1.0009,0.000352881,0
28-06-2026 15:58,0,1,1.02269,0.00148752,0
28-06-2026 16:13,0,1.25,1.08385,0.000825863,0
28-06-2026 16:28,0,1.47,1.46125,0.00205584,0
28-06-2026 16:43,0,1.94,1.72321,0.000173254,0
28-06-2026 16:58,0,2.42,2.17238,9.73805e-006,0
28-06-2026 17:13,0,2.57,2.41831,1.95801e-006,0
28-06-2026 17:28,0,2.61,2.52547,5.11065e-007,0
28-06-2026 17:43,0,2.56,2.58204,2.35598e-007,0
28-06-2026 18:13,0,2.56,2.5427,2.57608e-007,0
28-06-2026 18:28,0,2.56,2.52525,3.82538e-007,0
28-06-2026 18:43,0,2.56,2.56222,8.49269e-007,0
28-06-2026 18:58,0,2.56,2.5205,1.6354e-006,0
28-06-2026 19:13,0,2.56,2.54625,1.11241e-006,0
28-06-2026 19:28,0,2.56,2.5456,6.13233e-007,0
28-06-2026 19:43,0,2.56,2.54865,1.56999e-007,0
28-06-2026 19:58,0,2.56,2.55872,4.19334e-008,0
28-06-2026 20:13,0,2.56,2.55997,1.7711e-008,0
28-06-2026 20:43,0,2.56,2.52565,1.30503e-008,0
28-06-2026 20:58,0,2.55,2.51492,2.32479e-008,0
28-06-2026 21:13,0,2.55,2.51423,2.86342e-008,0
28-06-2026 21:28,0,2.55,2.52482,3.85961e-008,0
28-06-2026 22:13,0,2.55,2.55133,1.51121e-007,0
28-06-2026 22:43,0,2.55,2.5072,5.44068e-008,0
28-06-2026 22:58,0,2.55,2.52987,3.83752e-008,0
28-06-2026 23:13,0,2.55,2.5475,3.7057e-008,0
28-06-2026 23:28,0,2.55,2.55769,5.90081e-008,0
28-06-2026 23:43,0,2.55,2.52739,1.35753e-007,0
28-06-2026 23:58,0,2.55,2.5076,3.93785e-007,0
29-06-2026 00:13,0,2.55,2.54647,2.46893e-007,0
29-06-2026 00:28,0,2.55,2.54214,5.72941e-007,0
29-06-2026 00:43,0,2.55,2.52856,9.17189e-007,0
29-06-2026 00:58,0,2.55,2.53216,1.17415e-006,0
29-06-2026 01:13,0,2.55,2.53659,1.2083e-006,0
29-06-2026 01:28,0,2.55,2.57111,8.78956e-007,0
29-06-2026 01:43,0,2.55,2.56504,3.47493e-007,0
29-06-2026 01:58,0,2.55,2.56479,1.64482e-007,0
29-06-2026 02:13,0,2.55,2.55334,1.24009e-007,0
29-06-2026 02:28,0,2.55,2.54405,1.08689e-007,0
29-06-2026 02:43,0,2.55,2.55472,1.47721e-007,0
29-06-2026 02:58,0,2.55,2.55847,2.37017e-007,0
29-06-2026 03:13,0,2.55,2.56714,3.08543e-007,0
29-06-2026 03:28,0,2.55,2.55974,4.05748e-007,0
29-06-2026 03:43,0,2.54,2.54307,6.91607e-007,0
29-06-2026 03:58,0,2.54,2.51654,1.5963e-006,0
29-06-2026 04:13,0,2.54,2.52485,1.60662e-006,0
29-06-2026 04:28,0,2.54,2.54641,1.91723e-006,0
29-06-2026 04:43,0,2.54,2.53204,3.13229e-006,0
29-06-2026 04:58,0,2.59,2.61619,4.87058e-006,0
29-06-2026 05:13,0,2.92,2.80478,3.15022e-006,0
29-06-2026 05:28,0,2.96,3.25831,2.05403e-005,0
29-06-2026 05:43,0,3.45,3.25218,1.81579e-006,0
29-06-2026 05:58,0,3.505,3.51819,2.19525e-006,0
29-06-2026 06:13,0,3.504,3.4973,4.39132e-006,0
29-06-2026 06:28,0,3.502,3.42517,1.66334e-006,0
29-06-2026 06:43,0,3.49,3.49719,1.75472e-006,0
29-06-2026 06:58,0,3.48,3.44841,1.23989e-006,0
29-06-2026 07:13,0,3.47,3.4467,7.64325e-007,0
29-06-2026 07:28,0,3.46,3.43396,4.81985e-007,0
29-06-2026 07:43,0,3.45,3.46766,1.84434e-007,0
29-06-2026 07:58,0,3.45,3.4523,7.14318e-008,0
29-06-2026 08:13,0,3.44,3.43984,3.09776e-008,0
29-06-2026 08:28,0,3.43,3.40711,1.86329e-008,0
29-06-2026 08:43,0,3.42,3.37151,2.06943e-008,0
29-06-2026 08:58,0,3.41,3.37575,4.0076e-008,0
29-06-2026 09:13,0,3.41,3.37405,2.04549e-008,0
29-06-2026 09:28,0,3.39,3.38654,1.36178e-008,0
29-06-2026 09:43,0,3.39,3.36306,1.50361e-008,0
29-06-2026 09:58,0,3.39,3.34176,2.82708e-008,0
29-06-2026 10:13,0,3.39,3.33738,4.05436e-008,0
29-06-2026 10:28,0,3.39,3.33419,4.80958e-008,0
29-06-2026 10:43,0,3.39,3.33019,5.93894e-008,0
29-06-2026 10:58,0,3.39,3.32609,6.18659e-008,0
29-06-2026 11:13,0,3.2,3.34248,1.41396e-007,0
29-06-2026 11:28,0,2.91,3.08529,3.93422e-007,0
29-06-2026 11:43,0,2.62,2.69023,8.69448e-007,0
29-06-2026 11:58,0,2.33,2.36453,2.54464e-006,0
29-06-2026 12:13,0,2.06,2.13294,5.66995e-006,0
29-06-2026 12:28,0,1.87,1.97005,7.13078e-006,0
29-06-2026 12:43,0,1.87,1.85702,1.00358e-005,0
29-06-2026 12:58,0,1.87,1.93882,3.35441e-005,0
29-06-2026 13:13,0,1.87,1.99225,0.000114526,0
29-06-2026 13:28,0,1.87,1.92679,0.000140255,0
29-06-2026 13:43,0,1.87,1.87924,8.73141e-005,0
29-06-2026 13:58,0,1.87,1.86323,1.67228e-005,0
29-06-2026 14:13,0,1.87,1.89029,4.84117e-006,0
29-06-2026 14:28,0,1.87,1.8929,3.28473e-006,0
29-06-2026 14:43,0,1.87,1.88697,1.79836e-006,0
29-06-2026 14:58,0,1.87,1.8773,1.06672e-006,0
29-06-2026 15:13,0,1.87,1.84928,8.84414e-007,0
29-06-2026 15:28,0,1.87,1.85062,1.07168e-006,0
29-06-2026 15:43,0,1.87,1.87314,2.87949e-006,0
29-06-2026 15:58,0,2.14,1.91412,2.861e-006,0
29-06-2026 16:13,0,2.4,2.3678,9.91386e-006,0
29-06-2026 16:28,0,2.84,2.77005,8.64001e-006,0
29-06-2026 16:43,0,3.3,3.2848,1.38407e-006,0
29-06-2026 16:58,0,3.693,3.59158,3.2752e-007,0
29-06-2026 17:13,0,3.728,3.75882,1.59508e-007,0
29-06-2026 17:28,0,3.654,3.65572,3.87511e-008,0
29-06-2026 17:43,0,3.37,3.57291,4.92659e-008,0
29-06-2026 17:58,0,3.29,3.317,3.61486e-008,0
29-06-2026 18:13,0,3.3,3.21599,3.5331e-008,0
29-06-2026 18:28,0,3.3,3.30587,1.63064e-007,0
29-06-2026 18:43,0,3.29,3.3002,3.59334e-007,0
29-06-2026 18:58,0,3.28,3.32378,3.67222e-007,0
29-06-2026 19:13,0,3.27,3.27606,2.86759e-007,0
29-06-2026 19:28,0,3.25,3.25283,1.07653e-007,0
29-06-2026 19:43,0,3.25,3.25111,3.11061e-008,0
29-06-2026 19:58,0,3.23,3.26673,1.0859e-008,0
29-06-2026 20:13,0,3.21,3.24636,4.46277e-009,0
29-06-2026 20:28,0,3.2,3.20042,2.92315e-009,0
29-06-2026 20:43,0,3.18,3.189,4.4585e-009,0
29-06-2026 20:58,0,3.16,3.15742,8.65634e-009,0
29-06-2026 21:13,0,3.16,3.12556,5.48115e-009,0
29-06-2026 21:28,0,3.14,3.13388,8.07617e-009,0
29-06-2026 21:43,0,3.14,3.11657,1.50439e-008,0
29-06-2026 21:58,0,3.13,3.1293,3.66725e-008,0
29-06-2026 22:13,0,3.11,3.14651,2.96422e-008,0
29-06-2026 22:28,0,3.1,3.10091,1.80288e-008,0
29-06-2026 22:43,0,3.08,3.09349,1.31774e-008,0
29-06-2026 22:58,0,3.07,3.06522,1.06646e-008,0
29-06-2026 23:13,0,3.05,3.06212,9.56796e-009,0
29-06-2026 23:28,0,3.06,3.05591,1.21613e-008,0
29-06-2026 23:43,0,3.03,3.0448,3.27545e-008,0
29-06-2026 23:58,0,3.03,3.00719,8.76341e-008,0
30-06-2026 00:13,0,3,3.01167,3.39272e-007,0
30-06-2026 00:28,0,2.99,2.98691,7.65504e-007,0
30-06-2026 00:43,0,2.98,2.9654,1.0429e-006,0
30-06-2026 00:58,0,2.97,2.97522,1.05662e-006,0
30-06-2026 01:13,0,2.97,2.99582,9.87625e-007,0
30-06-2026 01:43,0,2.95,3.00043,3.97448e-007,0
30-06-2026 01:58,0,2.93,2.98198,2.20564e-007,0
30-06-2026 02:13,0,2.92,2.95077,1.3868e-007,0
30-06-2026 02:28,0,2.91,2.94024,1.29118e-007,0
30-06-2026 02:43,0,2.9,2.94412,2.00511e-007,0
30-06-2026 02:58,0,2.89,2.92782,1.98116e-007,0
30-06-2026 03:13,0,2.88,2.92003,2.30421e-007,0
30-06-2026 03:28,0,2.86,2.91925,4.10241e-007,0
30-06-2026 03:43,0,2.86,2.88471,4.78243e-007,0
30-06-2026 03:58,0,2.85,2.88479,5.74673e-007,0
30-06-2026 04:13,0,2.85,2.89462,8.90176e-007,0
30-06-2026 04:28,0,2.84,2.85947,1.14611e-006,0
30-06-2026 04:43,0,2.83,2.84475,2.04859e-006,0
30-06-2026 04:58,0,3.01,2.91574,1.72077e-006,0
30-06-2026 05:13,0,3.12,3.2606,5.76501e-006,0
30-06-2026 05:28,0,3.1,3.46559,4.51143e-005,0
30-06-2026 05:43,0,3.5,3.40562,4.48098e-006,0
30-06-2026 05:58,0,3.707,3.66313,5.43466e-006,0
30-06-2026 06:13,0,3.69,3.76926,1.65973e-005,0
30-06-2026 06:28,0,3.698,3.66693,5.11299e-006,0
30-06-2026 06:43,0,3.67,3.70758,3.02928e-006,0
30-06-2026 07:13,0,3.652,3.65774,9.36888e-007,0
30-06-2026 07:28,0,3.636,3.64589,4.82828e-007,0
30-06-2026 07:43,0,3.637,3.62949,2.54179e-007,0
30-06-2026 07:58,0,3.623,3.65138,1.55342e-007,0
30-06-2026 08:13,0,3.627,3.62765,7.53772e-008,0
30-06-2026 08:28,0,3.618,3.60748,5.72193e-008,0
30-06-2026 08:43,0,0,3.57621,1,1
30-06-2026 08:58,0,3.591,3.5258,5.17119e-008,0
30-06-2026 09:13,0,3.582,3.53599,2.17131e-008,0
30-06-2026 09:28,0,3.58,3.53299,1.10821e-008,0
30-06-2026 09:43,0,3.562,3.56349,1.30076e-008,0
30-06-2026 09:58,0,3.548,3.54172,2.54333e-008,0
30-06-2026 10:13,0,3.539,3.50518,4.35264e-008,0
30-06-2026 10:28,0,3.24,3.48535,2.79907e-007,0
30-06-2026 10:43,0,2.93,3.10276,5.28269e-007,0
30-06-2026 10:58,0,2.66,2.75513,9.67701e-007,0
30-06-2026 11:13,0,0,2.55157,1,1
30-06-2026 11:28,0,2.17,2.49232,2.53749e-005,0
30-06-2026 11:43,0,2.16,2.11319,1.04047e-005,0
30-06-2026 11:58,0,2.14,2.07207,8.00191e-006,0
30-06-2026 12:13,0,1.77,2.0682,0.000190514,0
30-06-2026 12:28,0,1.47,1.61355,0.000161984,0
30-06-2026 12:43,0,1.18,1.33251,0.000320872,0
30-06-2026 12:58,0,0.98,1.08655,0.000868823,0
30-06-2026 13:13,0,0.98,0.914672,0.000844497,0
30-06-2026 13:28,0,0.97,1.00468,0.0104652,0
30-06-2026 13:43,0,0.97,0.982741,0.0117034,0
30-06-2026 13:58,0,0.97,0.996437,0.00330717,0
30-06-2026 14:13,0,0.97,0.994652,0.00128175,0
30-06-2026 14:28,0,0.97,0.962761,0.000556785,0
30-06-2026 14:43,0,0.97,0.969939,0.000707563,0
30-06-2026 14:58,0,0.97,0.983496,0.000179995,0
30-06-2026 15:13,0,0.97,0.965384,5.04832e-005,0
30-06-2026 15:28,0,0.97,0.97175,4.35093e-005,0
30-06-2026 15:43,0,0.97,0.966846,8.94839e-005,0
30-06-2026 15:58,0,0.97,1.04053,0.000355613,0
30-06-2026 16:13,0,1.27,1.13264,0.000274164,0
30-06-2026 16:28,0,1.61,1.65477,0.00104826,0
30-06-2026 16:43,0,2.08,2.1129,0.000780051,0
30-06-2026 16:58,0,2.52,2.48711,0.000114608,0
30-06-2026 17:13,0,2.87,2.7054,1.95618e-005,0
30-06-2026 17:28,0,2.87,2.85649,3.30359e-006,0
30-06-2026 17:43,0,2.87,2.8597,3.63883e-007,0
30-06-2026 17:58,0,2.87,2.84225,1.4445e-007,0
30-06-2026 18:13,0,2.87,2.85238,1.68984e-007,0
30-06-2026 18:28,0,2.87,2.83731,3.7941e-007,0
30-06-2026 18:43,0,2.87,2.87652,1.39786e-006,0
30-06-2026 18:58,0,2.87,2.87636,4.98631e-006,0
30-06-2026 19:13,0,2.86,2.89636,3.45403e-006,0
30-06-2026 19:28,0,2.85,2.88173,2.01413e-006,0
30-06-2026 19:43,0,2.85,2.87407,6.60064e-007,0
30-06-2026 19:58,0,2.83,2.88248,2.12172e-007,0
30-06-2026 20:13,0,2.83,2.85831,8.42129e-008,0
30-06-2026 20:28,0,2.82,2.83865,6.65698e-008,0
30-06-2026 20:43,0,2.81,2.82578,8.74918e-008,0
30-06-2026 20:58,0,2.81,2.80897,7.8261e-008,0
30-06-2026 21:13,0,2.8,2.8012,6.52266e-008,0
30-06-2026 21:28,0,2.8,2.78991,6.19861e-008,0
30-06-2026 21:43,0,2.79,2.80401,9.06409e-008,0
30-06-2026 21:58,0,2.78,2.81835,1.28772e-007,0
30-06-2026 22:13,0,2.77,2.80524,1.22432e-007,0
30-06-2026 22:28,0,2.76,2.79295,7.88647e-008,0
30-06-2026 22:43,0,2.75,2.77329,7.39108e-008,0
30-06-2026 22:58,0,2.73,2.75548,7.68321e-008,0
30-06-2026 23:13,0,2.73,2.73922,1.1298e-007,0
30-06-2026 23:28,0,2.69,2.75265,2.30686e-007,0
30-06-2026 23:43,0,2.69,2.72726,4.86766e-007,0
30-06-2026 23:58,0,2.66,2.70223,1.79904e-006,0
01-07-2026 00:13,0,2.65,2.66921,4.95077e-006,0
01-07-2026 00:28,0,2.63,2.63929,5.20344e-006,0
01-07-2026 00:43,0,2.6,2.60777,5.31445e-006,0
01-07-2026 00:58,0,2.59,2.61367,5.04717e-006,0
01-07-2026 01:13,0,2.58,2.60374,4.03885e-006,0
01-07-2026 01:28,0,2.61,2.59824,2.35699e-006,0
01-07-2026 01:43,0,2.56,2.61926,3.20727e-006,0
01-07-2026 01:58,0,2.56,2.58068,3.03001e-006,0
01-07-2026 02:13,0,2.54,2.59018,3.35119e-006,0
01-07-2026 02:28,0,2.54,2.60776,2.88942e-006,0
01-07-2026 02:43,0,2.56,2.58655,2.39041e-006,0
01-07-2026 02:58,0,2.52,2.60663,2.52929e-006,0
01-07-2026 03:13,0,2.5,2.54815,2.83253e-006,0
01-07-2026 03:28,0,2.49,2.5281,1.81768e-006,0
01-07-2026 03:43,0,2.48,2.52078,1.85447e-006,0
01-07-2026 03:58,0,2.48,2.51504,2.12613e-006,0
01-07-2026 04:13,0,2.47,2.53541,4.55544e-006,0
01-07-2026 04:28,0,2.47,2.50233,5.90349e-006,0
01-07-2026 04:43,0,2.46,2.52635,9.00499e-006,0
01-07-2026 04:58,0,2.45,2.62297,2.41135e-005,0
01-07-2026 05:13,0,2.77,2.74217,1.8156e-005,0
01-07-2026 05:28,0,2.9,3.1639,0.000166587,0
01-07-2026 05:43,0,3.38,3.22674,2.48399e-005,0
01-07-2026 05:58,0,3.48,3.46443,3.66811e-005,0
01-07-2026 06:13,0,3.47,3.48727,4.79142e-005,0
01-07-2026 06:28,0,3.47,3.4119,7.9304e-006,0
01-07-2026 06:43,0,3.47,3.49366,4.69536e-006,0
01-07-2026 06:58,0,3.47,3.48052,3.01726e-006,0
01-07-2026 07:13,0,3.47,3.47196,1.32797e-006,0
01-07-2026 07:28,0,3.46,3.46868,1.12807e-006,0
01-07-2026 07:43,0,3.46,3.5018,5.97842e-007,0
01-07-2026 07:58,0,3.45,3.50031,4.65618e-007,0
01-07-2026 08:13,0,3.43,3.47999,3.25541e-007,0
01-07-2026 08:28,0,3.43,3.43069,2.15199e-007,0
01-07-2026 08:43,0,3.42,3.42229,2.51493e-007,0
01-07-2026 08:58,0,3.23,3.40359,5.76735e-007,0
01-07-2026 09:13,0,2.91,3.14787,1.84525e-006,0
01-07-2026 09:28,0,2.63,2.75202,1.07411e-006,0
01-07-2026 09:43,0,2.35,2.48603,1.26306e-006,0
01-07-2026 09:58,0,2.03,2.21766,3.57136e-006,0
01-07-2026 10:13,0,1.73,1.9101,7.42702e-006,0
01-07-2026 10:28,0,1.71,1.62622,2.62135e-006,0
01-07-2026 10:43,0,1.71,1.67749,2.93359e-006,0
01-07-2026 10:58,0,1.7,1.7398,8.69215e-006,0
01-07-2026 11:13,0,1.62,1.74529,5.66898e-005,0
01-07-2026 11:28,0,1.61,1.5901,5.06508e-005,0
01-07-2026 11:43,0,1.59,1.4938,5.66303e-005,0
01-07-2026 11:58,0,1.58,1.51067,2.03843e-005,0
01-07-2026 12:13,0,1.59,1.54501,1.3127e-005,0
01-07-2026 12:28,0,1.62,1.54761,2.27966e-005,0
01-07-2026 12:43,0,1.66,1.57756,3.92053e-005,0
01-07-2026 12:58,0,1.64,1.64308,8.61148e-005,0
01-07-2026 13:13,0,1.63,1.63775,0.000217243,0
01-07-2026 13:28,0,1.62,1.64362,0.000547234,0
01-07-2026 13:43,0,1.62,1.62985,0.00045396,0
01-07-2026 13:58,0,1.61,1.64486,0.000259632,0
01-07-2026 14:13,0,1.55,1.64914,0.000176464,0
01-07-2026 14:28,0,1.48,1.55763,7.76638e-005,0
